{"user": "hpp_00_05_10", "T": 100, "times": [1.0575480742951247, 1.5017956680206563, 1.561759687501894, 2.528824390962773, 2.7738800566399817, 4.7717827449165995, 5.092507241540634, 5.103098298291466, 5.3648660556629455, 6.596915519971127, 7.6942040561095615, 7.972330958746039, 8.453824053212346, 9.580653579658819, 9.837169661116354, 9.867135755660463, 11.642855720665203, 11.847064526689337, 12.702155170460834, 13.778823209363042, 13.779864038857914, 14.413477035385117, 14.948819185348947, 15.23661535496421, 15.838873993182482, 16.821916817261865, 16.83254687301255, 16.926211398192972, 18.465944675070517, 18.9089088663391, 19.330857481960685, 20.258390962166423, 21.2127219456068, 21.638062908974458, 22.492021885651763, 25.105226707858595, 25.275807282995434, 25.810167153521082, 26.144567405105736, 26.867877358009203, 29.08846867614035, 29.95342895672139, 30.666088784279413, 30.742893723440062, 31.29053467950374, 32.988976576151416, 33.34275837138045, 33.390389870295344, 33.44728915820043, 35.64727926080392, 36.361882346829425, 36.57155318939548, 36.71955442831957, 37.36893598628645, 38.003632163423916, 39.21560688293644, 39.41031553618501, 39.49905152983619, 39.667110804454936, 40.09170760050943, 40.533081819905654, 41.14907108436024, 41.51461411370688, 41.62298890535906, 42.10031330815202, 43.16415253983855, 43.93859255450471, 44.62928049204469, 45.20816419518743, 45.25053606652338, 45.99088925621063, 46.10085712522258, 47.285501251912955, 47.317801345820754, 47.52600576661173, 48.861690935582494, 49.422302154841184, 49.44105090746307, 51.117990225061014, 51.91174862789603, 52.16779003937322, 52.40965135185184, 53.15518131000055, 53.374206265480666, 53.38290190831628, 54.814666223562, 55.26859277649384, 55.86121361231533, 59.326020822387164, 59.40859234767504, 60.07143287974416, 60.42864945663025, 61.001905984033606, 61.71301915728029, 62.00856907823399, 62.02009380226789, 62.07412932134326, 64.8264748670424, 65.47127660882744, 65.66728203096055, 65.72352059723958, 66.4014599869487, 66.43653959073725, 67.50589177750598, 68.15699889752732, 70.28492907745787, 73.69005613751096, 74.31638898377956, 74.3349640857667, 74.6944486029478, 75.25226614298118, 75.65906124366505, 75.74602685811034, 77.58099728791935, 77.61142025161038, 78.1299346091351, 78.52915639561942, 79.91612229407319, 82.58998739622454, 82.73083871435601, 82.8052701211442, 83.13488433556724, 84.03073788524192, 84.43933164432228, 84.48576262227766, 84.95468592162801, 85.27206634677401, 89.05037000627095, 90.03294198624842, 91.90929240211521, 92.32176042960408, 92.6067891156961, 93.56347531658103, 95.6478589455222, 97.20125656981084, 97.77262464430027, 98.80261233533938, 99.48088500960475, 99.89625334637988], "marks": [1, 1, 2, 1, 2, 2, 2, 2, 2, 2, 2, 1, 2, 1, 2, 2, 1, 1, 1, 2, 2, 2, 2, 2, 2, 2, 2, 2, 2, 2, 1, 2, 2, 1, 2, 1, 2, 1, 1, 2, 2, 2, 1, 2, 1, 2, 1, 1, 2, 2, 2, 1, 1, 2, 1, 1, 2, 2, 1, 2, 2, 1, 2, 2, 2, 2, 1, 2, 1, 2, 1, 2, 2, 1, 1, 2, 2, 1, 1, 1, 2, 1, 1, 1, 2, 2, 2, 1, 1, 1, 1, 2, 2, 2, 2, 2, 2, 1, 2, 1, 2, 2, 2, 1, 1, 2, 2, 2, 2, 2, 2, 2, 2, 2, 2, 1, 2, 2, 2, 2, 2, 1, 2, 2, 2, 2, 2, 2, 1, 1, 2, 2, 2, 2, 1, 1, 1, 1, 2]}
