{"user": "hpp_05_10_00", "T": 100, "times": [0.36464277606597645, 1.0070348788454833, 1.0644502902573159, 2.367942264033746, 5.570783713421168, 5.987131844145454, 7.937699159267927, 7.976295319188069, 8.936982082337884, 8.941779539520484, 9.798974680993286, 10.566377295189826, 10.73669953112801, 11.19338191386628, 11.745660347725137, 12.347637668260058, 12.594757463590861, 13.069091022398858, 13.971015930812746, 14.897477961126352, 16.118188525177008, 16.967485482614055, 17.155613888446563, 17.18481116169489, 17.96307337208898, 17.966720707099533, 18.67288497342702, 18.691968864227807, 19.421173778045816, 19.841078385485975, 20.441641806230326, 20.555020186384933, 22.050088779793395, 23.175791245273786, 23.261466529321993, 23.729984520970564, 24.298556135591816, 24.60513066178274, 26.73030915926052, 26.94752598225136, 27.2200370530852, 27.455126370582885, 28.060176851540874, 29.58011375297837, 29.771686385721903, 30.009630088745407, 31.340229662522308, 31.37716621003446, 31.620849015882996, 32.07850318660492, 32.75057922533308, 32.90627287979076, 34.3554461385042, 36.26641845140031, 36.62579312933511, 37.787911453608466, 38.11914468884626, 38.75912328423635, 40.13136671365819, 40.189623117919545, 40.439481427476125, 41.08479698652721, 41.16476854493241, 41.29586284954538, 42.09688248259478, 42.15566286449964, 42.4318605304947, 44.20401311762452, 45.89451537559704, 46.2579790051675, 47.82898574460232, 47.85222087865855, 48.12094508492735, 48.704923397166596, 48.837526698086556, 49.247830319366955, 49.42534331980087, 50.28931290044472, 50.69318529671304, 52.971016204823755, 53.03145640417347, 53.06843481892351, 53.34832673878544, 53.503067206436455, 53.86354398342759, 53.98839490029263, 55.95338462283126, 56.27553503259784, 57.332193634853, 57.67303439288124, 58.518868481048536, 58.55388286530274, 58.58501657996429, 58.82549848640668, 59.573297450972746, 60.137043058043716, 60.99022123189224, 61.346568647464785, 61.3612509642134, 62.71567551230845, 62.88051423664048, 63.0645691464959, 65.18897126983698, 65.30470281048964, 65.31037190009526, 65.54144864404256, 65.61786941164681, 69.01395181754495, 70.14017914705705, 70.6024066914289, 70.70124792657559, 71.44265757380961, 71.76255033421742, 71.92339345213297, 72.98796542658631, 73.3742624076115, 73.80868442018563, 74.79139572681187, 75.10824341540824, 75.12515531899813, 76.065591825935, 76.78322435108265, 77.33565165195087, 77.55532614612031, 78.43609245075204, 78.96547842411533, 79.46091953946421, 80.0331762134612, 80.32539628003333, 81.27544925082994, 81.47226492967141, 81.56379642137053, 82.000366103758, 85.3131793043549, 87.03933349102698, 88.7497736457613, 89.4046492211447, 90.02645764464795, 90.44936850202662, 90.89884032137483, 91.19156534375124, 91.333023831855, 91.42092876568607, 93.42069520821889, 93.77220172257886, 94.92289023937599, 95.30543826349232, 95.50872097150925, 96.58387547929473, 96.81199007825983, 96.94753232591289, 96.96343063446943, 97.50528050544322, 98.5303899579382, 98.64940046928152, 98.74525485275947, 98.97442263295953, 99.5018283966011, 99.55029919104966, 99.92006818752267, 99.99168580528936], "marks": [0, 1, 1, 1, 1, 0, 1, 1, 1, 1, 0, 1, 1, 0, 1, 1, 0, 1, 0, 0, 1, 1, 0, 0, 1, 1, 0, 1, 1, 1, 0, 0, 1, 0, 0, 0, 0, 0, 0, 1, 0, 0, 1, 1, 1, 0, 1, 1, 1, 0, 0, 1, 1, 1, 1, 0, 0, 1, 0, 1, 0, 0, 1, 1, 0, 1, 1, 1, 0, 1, 1, 0, 1, 1, 1, 1, 0, 0, 1, 1, 1, 1, 1, 1, 1, 0, 1, 0, 1, 0, 1, 0, 0, 0, 1, 1, 1, 0, 1, 1, 1, 1, 1, 1, 1, 1, 0, 0, 0, 1, 1, 0, 1, 1, 1, 1, 1, 1, 1, 1, 1, 1, 1, 1, 0, 1, 1, 0, 1, 1, 1, 0, 0, 1, 1, 0, 1, 1, 1, 1, 1, 1, 0, 1, 0, 1, 1, 1, 1, 0, 1, 0, 1, 1, 1, 1, 1, 0, 0, 1, 1]}
