{"user": "hpp_10_05_00", "T": 100, "times": [0.04795444018972738, 1.0239520619121127, 1.9482354997682125, 2.2462705566014765, 2.672494575426509, 3.195068220049683, 4.037434767079654, 4.9832970421191, 7.347273329042103, 7.6842173860485286, 8.130569688349695, 8.171370775619252, 9.124087367086375, 9.254909791483655, 9.475175230321408, 10.436657157085381, 10.535025412963263, 11.049434749090794, 12.378758939364767, 13.69130182604461, 13.723032074847772, 15.282804147067019, 15.519316336423536, 16.979677855624196, 18.65778352572845, 18.920848935786477, 19.68877266249617, 19.94866010549076, 20.66937219492714, 21.569651901109903, 22.48733744102163, 23.925076804399765, 24.80948147155575, 25.243565168124146, 25.316407469493143, 25.65190897942193, 26.97124810969087, 28.58407814795335, 28.88483649977786, 30.25993781836337, 30.65753016079612, 31.051165966580292, 31.16458744257842, 32.04099463016037, 32.63118424407803, 32.763081599718745, 32.97325510634127, 33.07246645112877, 34.0688368457746, 34.617133978558265, 35.17566765465437, 35.51104625359624, 35.5832338078713, 36.10094092129834, 36.1668061496095, 36.237324570381325, 36.48435114108549, 38.32053580301909, 38.32410742670202, 38.374883806693816, 38.77274498005014, 38.96864497955641, 39.47222760874132, 39.836417098021386, 41.836303178882105, 43.85843295429113, 45.301179922125066, 45.68004308995925, 45.88218437927651, 48.71806658068922, 48.79775086126912, 49.650760602850085, 50.93230949197847, 51.04625915996659, 51.49173346472583, 51.51857513185098, 52.21708873708359, 52.40781538744356, 52.722300006487345, 53.83686561204126, 53.875356122636504, 53.90714206585245, 54.59313066817319, 54.66101521961468, 54.70103372459871, 55.25411893875052, 55.69380240703058, 56.11901008385522, 56.24880173622449, 56.62194186106361, 56.637199811299595, 57.011197999406626, 57.14109135535239, 57.14169409473555, 59.449621629053496, 60.13231814797377, 60.28967493960268, 60.31711130914848, 61.9682963174848, 62.593266125627935, 63.546398164824936, 63.76786590156081, 65.34178414970019, 65.72083036277344, 65.82613137042958, 65.87442150997254, 66.0925687950743, 67.27902489933155, 67.97049857295555, 68.1993561586308, 68.46095724586715, 70.31761111271008, 70.39455309420755, 71.07128783627843, 74.08557488522526, 74.5080483319666, 74.5600053889619, 74.97433584522527, 75.485444279672, 75.90575686071526, 76.93111123853168, 77.77695410550668, 77.92416566551735, 78.13196712608006, 81.0079850538499, 83.97308344490106, 84.5044302928144, 87.84824216394895, 88.38771363895384, 89.97813301485381, 90.1637773797815, 90.81901896495485, 91.33172523657169, 92.77879566803915, 94.24231706482614, 94.93831332829839, 95.21577005909671, 95.8635855526138, 98.00451602222822, 98.24831182642713, 98.92229130347732, 99.1192851400255, 99.21339528769838, 99.51849393934484, 99.6017885476077, 99.7286249543686], "marks": [0, 1, 0, 0, 0, 0, 0, 0, 0, 0, 0, 0, 0, 0, 0, 1, 0, 0, 0, 0, 0, 1, 0, 1, 0, 0, 0, 1, 1, 1, 0, 0, 1, 0, 0, 0, 0, 0, 0, 0, 0, 1, 1, 0, 1, 1, 0, 0, 1, 1, 0, 1, 1, 1, 0, 0, 1, 1, 0, 0, 1, 1, 1, 1, 0, 0, 1, 0, 0, 0, 0, 0, 0, 0, 0, 1, 0, 1, 0, 0, 0, 0, 1, 1, 1, 1, 0, 0, 0, 1, 0, 1, 0, 0, 1, 1, 1, 0, 1, 0, 0, 0, 0, 0, 0, 0, 0, 1, 0, 0, 0, 0, 0, 0, 0, 0, 0, 0, 0, 0, 1, 0, 1, 0, 0, 0, 1, 0, 1, 0, 0, 0, 0, 1, 0, 1, 0, 1, 1, 1, 0, 0, 1, 0, 1, 0]}
