{"user": "hpp_00_15_00", "T": 100, "times": [0.7715635838444154, 1.2503365148512888, 1.383950960263396, 2.358086253101843, 2.5080763091447134, 2.5623192456601025, 3.108712616115276, 3.5554177712397874, 3.7947764268259547, 5.357816066055751, 5.486528093596764, 5.771465284845298, 5.9837366695779615, 9.03816140414933, 9.17055885076723, 11.540009684018179, 11.940250751898693, 11.946911104194436, 12.302894283756395, 12.338240258504879, 12.854085611785882, 13.170807895941774, 14.153470436946453, 15.148395131829261, 15.246826247006524, 16.62654576561367, 18.266526295391294, 20.474247625119844, 20.938082225515377, 22.029889612664498, 23.792868835977753, 23.884094481552683, 25.0476806894777, 25.346946206833454, 26.909835516602424, 27.214726463528578, 27.374882973770156, 27.744868988803074, 28.760983907635307, 31.14595080304802, 32.36727238145211, 33.09663593568409, 33.86988821776548, 35.31056486796652, 35.54716031810416, 36.422057472550044, 37.72921315635425, 39.049211880299985, 40.83577641368672, 41.067660152560464, 41.55800262151415, 41.773182262575986, 42.17514776543363, 43.702483116911495, 43.96480876459694, 44.937532714337244, 46.124630136633435, 46.36697696854578, 47.770961954307175, 48.008971960749925, 49.454943076430496, 50.639799055399706, 50.87525210472519, 51.03604433350412, 51.11264532567992, 51.28541699655878, 51.57920434020595, 55.59603185564932, 55.605416130064704, 56.4564954816021, 56.89958806820829, 56.91163483383674, 57.11440402320457, 58.022015831578855, 58.789029312190635, 59.1955008387126, 59.44582067583452, 59.77176625826762, 60.24585464353046, 61.942679718404264, 62.22026039964177, 62.437585474089154, 64.03120731094339, 64.59041097110469, 64.82817637478391, 65.18192185928847, 65.94243406322641, 66.09557787628144, 66.55708772418286, 67.79647048728005, 67.92876994588488, 68.14071020714911, 68.89225513437009, 69.00498584542518, 70.44554884080875, 70.89406501423439, 71.27128872110919, 71.71084103948, 71.94937820510388, 73.07175594532448, 73.96886949560971, 74.61524770100566, 75.23538211186622, 75.25376193890524, 75.88961134329882, 76.62564339171648, 78.48966199933902, 78.8999375839784, 79.42552019941702, 80.6068531865045, 80.77489438796431, 81.38586569005747, 81.94289911459708, 82.3101560368751, 82.39806586043133, 82.56086678684058, 84.54487822848758, 84.62939239622814, 84.6339330156917, 84.95113115681208, 85.39119540456268, 86.23707936443414, 88.09021391541441, 89.24432614596773, 89.38441029365012, 90.43207876266445, 91.84650847976563, 91.87002090747968, 91.99770912573378, 92.94976121279959, 93.66212343327867, 94.05054930902077, 94.277062774439, 94.56861030875201, 95.06794979995193, 95.91894544378513, 96.27898013802138, 96.4764640278403, 96.81670704673307, 96.93099321165923, 97.59431813771566, 98.10566116026234, 98.12405179884148], "marks": [1, 1, 1, 1, 1, 1, 1, 1, 1, 1, 1, 1, 1, 1, 1, 1, 1, 1, 1, 1, 1, 1, 1, 1, 1, 1, 1, 1, 1, 1, 1, 1, 1, 1, 1, 1, 1, 1, 1, 1, 1, 1, 1, 1, 1, 1, 1, 1, 1, 1, 1, 1, 1, 1, 1, 1, 1, 1, 1, 1, 1, 1, 1, 1, 1, 1, 1, 1, 1, 1, 1, 1, 1, 1, 1, 1, 1, 1, 1, 1, 1, 1, 1, 1, 1, 1, 1, 1, 1, 1, 1, 1, 1, 1, 1, 1, 1, 1, 1, 1, 1, 1, 1, 1, 1, 1, 1, 1, 1, 1, 1, 1, 1, 1, 1, 1, 1, 1, 1, 1, 1, 1, 1, 1, 1, 1, 1, 1, 1, 1, 1, 1, 1, 1, 1, 1, 1, 1, 1, 1, 1, 1, 1]}
