{"user": "hpp_00_00_15", "T": 100, "times": [1.1744430043905434, 2.050733482255575, 2.1148265438943312, 2.748350141614328, 2.8043891910319463, 3.037962206158897, 4.011918409059465, 4.358896337304209, 5.326979739853489, 5.575672285595718, 5.940051166664376, 6.2719956280238724, 6.7018865732441535, 6.738508308376986, 7.017043974804674, 7.741570851941273, 8.388962931019707, 8.81065295539868, 8.825856340216843, 9.182405671954513, 9.83735953804031, 10.015879059192468, 10.580372416490844, 10.743340215173697, 11.371651639773642, 11.486620060393047, 12.753962568116737, 13.717976244230682, 13.76787153074231, 14.256922578386057, 14.567070487164258, 14.703034327357283, 15.177384881515938, 15.350090038256587, 15.959498836529814, 17.55934365769134, 18.349585440468537, 18.91275789579206, 19.35215691879287, 19.74814823362343, 20.96687277313116, 21.182421820957096, 21.300616486892064, 23.1470261108745, 25.96219792541581, 26.836236025511962, 27.343012916234503, 27.747291521929892, 28.081475856035098, 28.402968333502063, 28.62509611767499, 28.726797996612834, 29.743918173552007, 29.892276576288033, 30.827033454293346, 33.047407927495364, 33.3627595897988, 33.606700859113836, 33.92951127078127, 34.69926111414503, 34.790324423617996, 34.91409763195993, 34.917826506326314, 35.48077642911632, 35.68335455315163, 35.73051638256457, 36.18533433163336, 36.46643729514922, 36.602035519093235, 36.950604340569825, 36.97012397630273, 37.22485072906932, 38.562803932623346, 39.254488293846656, 40.715963119457754, 41.30193360312088, 42.00395333999202, 42.33833168650405, 42.742281890224135, 43.052275081672995, 43.64625307556294, 44.40081225278967, 45.78653011355929, 46.1564354245902, 48.353909411951484, 48.43752954822575, 50.032301801686636, 50.132906419449476, 50.64435609318624, 51.02138869410308, 51.8599699591739, 51.88608475150224, 54.39496066620816, 54.84861819074932, 55.373683422183625, 55.648299888247216, 55.71907722573028, 55.82950937678694, 57.68454818036856, 58.308253603062745, 58.43784995549487, 59.44062170241963, 59.656234188273395, 59.68101594197987, 59.92733297464823, 60.13841088582624, 61.23960329037347, 61.28714943805655, 61.29864227475019, 61.82660811318987, 62.07919306275145, 62.87500697896061, 63.478066778066434, 63.511777380861155, 64.2664891685944, 65.2488400188118, 65.37225802738054, 66.05212107033498, 67.52536010933153, 67.54585794000747, 68.1861086688515, 68.93366137195923, 69.38210224465936, 69.52448660999048, 70.22086219389112, 70.24889904699265, 71.83203534563592, 73.10964606703014, 74.04658294350777, 74.3075043359995, 74.66345895951928, 75.52021583350839, 76.54910922550617, 76.92951777667372, 76.97156042206028, 77.20266525449657, 77.35787688764819, 81.00818221215258, 81.2798183119345, 83.20519771030517, 84.03286097669557, 84.32817172071438, 84.36619227518759, 85.30071110220238, 86.05791976703402, 87.32366021009524, 87.88318528638116, 88.08574647689015, 89.53168450003832, 90.6980602629275, 93.80728158786016, 94.28802681418726, 94.73030968548724, 95.14540204019008, 95.69973824237385, 95.89689773850873, 96.45601286606298, 96.57188755766727, 96.88558481548318, 98.51841671963862, 98.57205911180108, 99.44212983579493, 99.53501774166894, 99.77495567640366], "marks": [2, 2, 2, 2, 2, 2, 2, 2, 2, 2, 2, 2, 2, 2, 2, 2, 2, 2, 2, 2, 2, 2, 2, 2, 2, 2, 2, 2, 2, 2, 2, 2, 2, 2, 2, 2, 2, 2, 2, 2, 2, 2, 2, 2, 2, 2, 2, 2, 2, 2, 2, 2, 2, 2, 2, 2, 2, 2, 2, 2, 2, 2, 2, 2, 2, 2, 2, 2, 2, 2, 2, 2, 2, 2, 2, 2, 2, 2, 2, 2, 2, 2, 2, 2, 2, 2, 2, 2, 2, 2, 2, 2, 2, 2, 2, 2, 2, 2, 2, 2, 2, 2, 2, 2, 2, 2, 2, 2, 2, 2, 2, 2, 2, 2, 2, 2, 2, 2, 2, 2, 2, 2, 2, 2, 2, 2, 2, 2, 2, 2, 2, 2, 2, 2, 2, 2, 2, 2, 2, 2, 2, 2, 2, 2, 2, 2, 2, 2, 2, 2, 2, 2, 2, 2, 2, 2, 2, 2, 2, 2, 2, 2, 2, 2]}
