{"user": "hpp_00_10_05", "T": 100, "times": [0.7442712426181027, 0.9389420611547965, 0.9619031543307057, 0.9995176295395928, 1.7682911660703708, 2.669918874057404, 3.3093507149825707, 3.7541208974835074, 4.090979800956142, 5.19893965511688, 5.319869197209281, 6.960700884383742, 7.390536170992929, 7.906351196569038, 8.114803844241903, 8.171570387330103, 9.574827757518284, 9.610364198870267, 10.186003529369804, 10.388256855158106, 10.830708671835122, 10.986654451669601, 11.422264049539157, 12.747253999315989, 16.582418174021328, 19.557234396205565, 20.593989976207055, 20.794139351465745, 20.815948309695663, 20.82918072736291, 20.967337679783355, 21.75461726441806, 23.87374277459593, 24.824183274849485, 26.279117200254507, 26.395990011252326, 27.91092147962939, 29.63908632920503, 30.306244191636843, 32.123321311348256, 32.30762096873454, 32.36643255778029, 34.1955023444452, 36.73561782381535, 40.21986210878134, 40.977306404236494, 41.41468658947438, 42.1084899652608, 42.4442493278232, 42.455806212619706, 43.51796248830735, 44.45891577040741, 44.79520620863856, 44.96722278554521, 45.18400034971735, 46.0820990004413, 46.394511581557154, 46.4676846466958, 46.869147423320726, 47.88453175939391, 48.902844175678474, 49.00617286109234, 49.45399917037783, 49.55395262076957, 49.837315735055164, 50.124346681905664, 50.894469522710345, 54.14336752369234, 54.59977611124113, 54.72490695887053, 54.85818911441893, 56.26122686159759, 56.606419189123784, 56.718661717007755, 57.24422152335648, 58.019446401785856, 58.07469263917228, 58.192437287222376, 58.89318395576523, 61.57872810844428, 62.02525052505678, 62.21917234797062, 62.29928104592418, 62.60590985135603, 63.263534454698316, 63.90976618308756, 64.63969573962882, 65.8127077006095, 66.22021194564327, 67.44951113667237, 67.52210832176392, 69.04075395246271, 69.53490031767595, 69.61355413694878, 70.39894350653255, 70.48777288641945, 70.7246003108043, 70.9929223442393, 71.52880090516133, 73.14470883065921, 73.22793646240602, 73.43094737228544, 74.07771416186306, 74.55811192594057, 75.4913993245732, 76.25778316378722, 76.89247591487266, 77.97899910365432, 78.28646105485657, 78.484099345653, 78.5020366066283, 78.93762366822746, 79.2510524984559, 79.45322847949713, 81.26854688695524, 82.19742431628562, 83.3419176665721, 86.51215002439628, 86.69898965564379, 86.9003639206197, 88.62578883133233, 89.34368055369224, 89.86846111630283, 90.89564981232476, 91.03428304349355, 91.2445708269375, 91.27733453878473, 92.8372105923668, 93.13328934398358, 93.31626858772954, 93.6381163158373, 94.390088828188, 94.80097471793113, 94.84145078045466, 95.16319581058625, 96.19715861503786, 96.28225115678886, 96.43660125349696, 96.48599835447112, 98.62758832394867, 98.85803639903823, 99.07111775497758, 99.49350414826117, 99.95403588741016], "marks": [1, 2, 1, 1, 1, 2, 1, 2, 1, 2, 2, 1, 2, 1, 1, 2, 2, 1, 1, 1, 1, 1, 2, 1, 1, 1, 1, 2, 2, 2, 1, 1, 1, 1, 1, 1, 1, 1, 1, 1, 2, 1, 1, 1, 1, 1, 1, 1, 1, 2, 2, 1, 1, 1, 1, 1, 2, 1, 1, 1, 2, 2, 1, 2, 1, 1, 1, 1, 1, 1, 1, 1, 1, 1, 1, 1, 1, 2, 2, 1, 1, 1, 1, 1, 1, 1, 2, 1, 1, 1, 1, 2, 1, 2, 2, 2, 1, 1, 1, 1, 1, 2, 1, 1, 2, 1, 2, 2, 2, 1, 1, 1, 1, 1, 1, 2, 2, 2, 2, 1, 1, 1, 2, 1, 1, 1, 1, 1, 2, 2, 1, 1, 2, 1, 1, 2, 1, 1, 1, 1, 1, 1, 1, 1]}
