{"user": "hpp_15_00_00", "T": 100, "times": [0.8944809194706814, 1.3873276773200192, 1.4343148399936032, 1.663595943192516, 1.9067457549440268, 3.5991628158243176, 4.227193994682357, 5.348293976603251, 6.017410575612919, 6.184592114261968, 7.873931126110739, 9.116945635508399, 10.316486914344067, 11.6348714602047, 11.748845297099349, 11.95590705798702, 12.11105170505921, 12.315907668260978, 13.44345049491916, 14.858035202581961, 15.779938813094073, 16.051997662029432, 16.202726281997094, 16.403624742520346, 17.404942939333313, 17.5823525006839, 17.88259636802054, 18.534189113053067, 19.270463848942804, 19.30108168005442, 21.180599086716516, 21.237101028683835, 21.683590267509317, 23.398451700300996, 23.84165055185868, 24.15457793948947, 24.487606612003468, 24.627733485881482, 24.887681780612215, 24.996928473862873, 25.428596223751967, 25.429874852201838, 25.631577333031004, 26.387472212249683, 27.1857645522021, 27.71371188048572, 27.83878787345514, 28.497618306458424, 29.229481011254435, 29.610461924808764, 30.008306138685196, 30.030313713618582, 30.049119167600594, 30.06366432184811, 30.47760076043294, 30.491122128076253, 31.829767368518844, 32.50148415415667, 32.99511695864598, 33.14952367945063, 33.33132104881727, 34.197767687424246, 34.47094497476553, 37.22839912697099, 37.56243561486211, 37.7625301149707, 38.8038540851365, 39.87325464813657, 40.97350251090486, 41.370749523269474, 41.70477618718903, 42.610474341234415, 42.64999035866649, 42.76417889908838, 42.88679052414497, 43.382584786909064, 43.86019677239062, 44.376166854627925, 44.550589938070175, 49.07869251968697, 49.92808536005444, 50.72960589929061, 50.959880593522996, 51.26858302374203, 51.7002450843397, 52.57324698243503, 52.84328286085451, 53.912924437545875, 54.35087478410033, 54.409387284776095, 54.436892212245176, 54.764147176299744, 55.73080918736733, 55.858924625664294, 56.289075240994336, 59.394414811076985, 59.6674257755718, 59.75439130235503, 59.892908402735216, 60.33838185130679, 61.17612169863311, 61.28882656409854, 61.38910634661624, 61.82595210015321, 62.13894818486553, 62.21846982735797, 62.94280740266248, 63.27827907793682, 63.389681045266975, 63.419869936970784, 63.647355906249544, 63.81850052024069, 66.42304524279967, 66.43690376554981, 66.82220859300872, 67.18344948101738, 68.65548917218432, 71.05085007983818, 71.13685888806829, 71.71507995693904, 72.64577615145738, 75.13135142563615, 77.55166993921156, 77.85469616587233, 80.79255843754088, 81.05350251883804, 81.84415972316424, 81.96428092408017, 82.89611230947388, 83.11771455823477, 84.54632405498353, 85.72713589369802, 86.75633177480296, 86.84789354566601, 86.9442504302022, 87.06062483779134, 88.91773950215767, 89.50133339265219, 90.72872960512603, 90.98484940818261, 90.99606744601245, 91.13689014617887, 91.23533694236679, 91.7543540565797, 91.81368274290473, 93.19760971615939, 93.98341239426084, 94.29351007151897, 94.31789474535745, 94.41754646246305, 95.20627634455813, 95.35205530050531, 95.87929206517535, 95.94628057267178, 98.22829922935178, 99.64416954462727], "marks": [0, 0, 0, 0, 0, 0, 0, 0, 0, 0, 0, 0, 0, 0, 0, 0, 0, 0, 0, 0, 0, 0, 0, 0, 0, 0, 0, 0, 0, 0, 0, 0, 0, 0, 0, 0, 0, 0, 0, 0, 0, 0, 0, 0, 0, 0, 0, 0, 0, 0, 0, 0, 0, 0, 0, 0, 0, 0, 0, 0, 0, 0, 0, 0, 0, 0, 0, 0, 0, 0, 0, 0, 0, 0, 0, 0, 0, 0, 0, 0, 0, 0, 0, 0, 0, 0, 0, 0, 0, 0, 0, 0, 0, 0, 0, 0, 0, 0, 0, 0, 0, 0, 0, 0, 0, 0, 0, 0, 0, 0, 0, 0, 0, 0, 0, 0, 0, 0, 0, 0, 0, 0, 0, 0, 0, 0, 0, 0, 0, 0, 0, 0, 0, 0, 0, 0, 0, 0, 0, 0, 0, 0, 0, 0, 0, 0, 0, 0, 0, 0, 0, 0, 0, 0, 0, 0]}
