{"user": "hpp_05_00_10", "T": 100, "times": [0.26802833420980243, 1.2078940166816996, 1.4432319978516641, 1.4611787850329157, 2.480798754481553, 2.8171467054678883, 3.0619031245109745, 3.729390814090147, 4.255553866767151, 4.351346143771252, 5.307733662216133, 5.44693114807116, 6.201142992566665, 6.688724503768375, 7.09649108710569, 7.124095767717592, 7.784437058649088, 7.9460706123333535, 8.198443719491596, 8.637666411097674, 9.133606718139925, 9.208820619968721, 10.647602405935723, 10.95713566603249, 11.177030571554608, 11.507794556442326, 12.414112607089601, 15.423239044149872, 15.433662371260917, 15.670901262604001, 16.700124884589833, 17.437363207862568, 17.854433088710255, 18.701324924184334, 20.805879214777573, 21.125314831725557, 21.536188221760494, 22.321322374097043, 22.98079768970873, 23.496541309264938, 23.516181559975163, 23.630641550733756, 23.950337268378924, 24.00913252974779, 25.32283606264879, 25.429673557860507, 25.907671141360677, 26.029919252466748, 26.056490310665314, 26.216847096599977, 26.362033161552787, 26.37215953132992, 26.66538965935456, 27.34608823981013, 28.489577701292447, 29.12436050548473, 29.487858369343883, 29.64533647216443, 29.846757118141205, 30.360369889207526, 31.22758774647093, 31.52476499685418, 31.736345946350454, 31.907702748154932, 33.19642095632354, 33.8104719919862, 34.087625921542546, 34.17456820607091, 35.749192358536625, 35.96655854768792, 38.65280880789644, 39.68466209350876, 39.70014018187112, 40.16061479437192, 40.31402141342759, 41.40183977572984, 41.51923193276607, 41.876046024428, 42.24909331583451, 42.42299033520235, 43.035144176096104, 43.53992336975461, 43.625169655285426, 43.64592797704062, 44.789207322881005, 45.017930666097485, 45.250945569081445, 45.27236083149643, 45.32081711753357, 45.38346123890392, 45.479711209586355, 48.30950226434732, 48.31376666849015, 49.00909682792974, 49.24308439602687, 51.91638816610716, 53.13035448975625, 56.53822524306862, 57.40001310322729, 57.78389792334074, 58.134810069590074, 58.3908313746594, 58.841632322437086, 59.543261550739814, 59.5516202395462, 60.56294259591193, 60.8273334064512, 60.93903190929063, 61.08749776059551, 62.02081208061157, 65.20293102473065, 65.40861718792961, 65.90601649177631, 66.1134365435327, 67.17553396841195, 67.52087843639937, 68.31074296048894, 68.6365507423148, 69.22167103490489, 69.49345521717473, 69.60758237150918, 70.27097272042217, 70.92158997063163, 71.62876458155014, 71.83878917237972, 71.96873426242617, 72.71898214394972, 73.08537631747978, 75.42413257724263, 75.80520668841002, 75.98568966823726, 76.39079273145917, 77.10304361590867, 77.58791260839384, 78.3546459698865, 78.61435255881887, 79.32185697864733, 79.3356201971374, 80.0959851561335, 81.17870357820567, 81.28270683929378, 81.54991305302606, 81.83587797388581, 81.85006651760588, 82.44245182870687, 85.28434089649522, 85.545017087331, 86.25729803334355, 86.7993638834977, 87.58020974825175, 87.89578935306884, 88.49993849958837, 89.00401507619517, 89.21613247726938, 90.44223252293382, 90.74403888226345, 92.96977098482577, 94.3935536884653, 94.80082667811507, 95.86692489085128, 95.86951036008348, 98.02065336079298, 98.3690241198677, 98.38514617152619, 99.2793825097078, 99.33340337803416, 99.60800100548389], "marks": [2, 2, 0, 0, 0, 2, 2, 0, 2, 2, 2, 2, 0, 2, 2, 2, 0, 2, 2, 2, 0, 2, 2, 0, 2, 0, 2, 2, 0, 2, 0, 2, 2, 2, 2, 2, 2, 2, 0, 0, 2, 2, 2, 0, 2, 2, 2, 2, 2, 2, 2, 2, 2, 2, 2, 2, 2, 0, 2, 2, 0, 2, 0, 0, 0, 2, 2, 0, 2, 2, 0, 2, 0, 0, 0, 2, 2, 0, 2, 2, 2, 0, 0, 2, 2, 0, 0, 2, 0, 2, 0, 2, 2, 2, 2, 2, 0, 2, 2, 2, 2, 2, 2, 2, 2, 0, 2, 0, 2, 0, 0, 2, 2, 2, 2, 2, 2, 0, 2, 2, 2, 2, 2, 2, 2, 0, 0, 2, 2, 2, 0, 2, 2, 2, 2, 2, 2, 0, 0, 2, 0, 0, 0, 0, 2, 2, 2, 2, 0, 2, 2, 2, 2, 0, 0, 2, 2, 2, 0, 2, 2, 2, 2, 2, 0, 0, 2]}
