{"user": "hpp_10_00_05", "T": 100, "times": [0.37508408653397945, 0.5707148221032387, 1.2489056459675636, 2.3561004012998836, 2.380345540097801, 3.282132451586539, 4.163942842454025, 4.888160647693049, 5.302352648315946, 5.61075993675211, 6.389833414069505, 7.878014552870005, 9.671707289130286, 10.011915477801328, 11.307509184637917, 12.415450198143496, 13.568133868695595, 17.658636000805984, 19.7582944647983, 20.4338169377509, 20.715809820870696, 20.76525139515834, 21.129316504937457, 22.38180752522195, 24.98168772039618, 25.815927325579253, 26.27933056023541, 26.848306024709288, 27.069952288458293, 28.042875138297, 28.32445618949442, 30.06024551845886, 30.13411421547533, 30.349641559936906, 30.41472958247469, 31.661711898109655, 31.930800399187937, 32.25245564318059, 32.31547418380094, 33.38787883970263, 33.66725365982854, 34.43748759342756, 34.66119860094996, 36.300969051366984, 36.378764090284676, 37.095883087671105, 37.19675333768805, 37.780505764006925, 38.16172666678555, 38.39073934621209, 38.62165572473065, 38.6391758589779, 39.236477730705765, 39.608324649225224, 39.86851497464877, 41.21860973315948, 41.225821792018664, 41.341043286847686, 42.03035069369879, 42.06547530620808, 42.206589506205155, 43.12607386528052, 43.354277201545706, 44.31334426480167, 44.52793714776701, 44.66834517882284, 44.93311191997466, 45.34585243462663, 45.79881000690393, 46.76865585180042, 46.933681391892826, 47.962380433637726, 48.22556710955603, 49.60064943753775, 50.13347466635728, 50.38864196271487, 50.57849246269924, 50.73924500815195, 51.27860005642419, 51.395506366318735, 54.5052092162304, 54.95273785399336, 55.23299701432274, 56.047707311625544, 56.114630147372225, 56.198374328188244, 59.193549933738524, 59.26168889853199, 61.03883068554365, 61.91724048410998, 62.070035172083884, 62.55726207248143, 64.71239967638414, 64.78095714623745, 65.70764940760583, 66.27251093588842, 67.15583414495796, 68.456501476829, 69.0404676824549, 70.41603351996194, 71.19739538132282, 71.25577853531132, 71.67821954629066, 72.66668583652809, 73.66400079990332, 73.68707768488166, 76.33410791033104, 76.97195494079467, 77.79432872820055, 78.24993502199862, 78.44543318712937, 78.88880208896533, 79.46874834217222, 79.83408328053828, 81.18949341871448, 82.77972740014667, 82.8944400115518, 83.77821589882251, 86.73335557310261, 87.14446260077605, 87.24693111549769, 88.32371187330754, 88.69734368629531, 89.66437509845865, 90.74291917556039, 91.36705520050025, 91.54075100465599, 91.75490682146987, 93.05363716318831, 93.34868049878011, 93.94447819044093, 94.19044101113427, 94.30522857556623, 96.73045004054286, 98.36901513107324, 98.42326693383733, 98.83391466961237, 99.24414041106019], "marks": [0, 0, 2, 0, 0, 0, 0, 2, 0, 0, 0, 0, 0, 2, 0, 2, 2, 2, 2, 2, 2, 0, 2, 0, 2, 0, 2, 2, 0, 0, 2, 0, 2, 0, 2, 2, 0, 0, 2, 0, 0, 0, 0, 0, 2, 0, 2, 0, 0, 2, 2, 0, 0, 2, 2, 0, 2, 0, 2, 2, 2, 2, 0, 2, 0, 0, 0, 2, 2, 2, 0, 0, 0, 0, 0, 0, 2, 2, 0, 2, 2, 0, 2, 0, 0, 2, 0, 0, 0, 0, 0, 2, 0, 0, 0, 0, 0, 0, 0, 0, 0, 0, 2, 2, 0, 0, 0, 0, 0, 2, 2, 0, 0, 0, 0, 2, 0, 0, 2, 0, 0, 0, 0, 0, 0, 0, 0, 2, 0, 0, 2, 2, 0, 0, 0, 2, 2, 0]}
