{"user": "hpp_00_03_015", "T": 100, "times": [6.755953341631781, 8.027669692133307, 11.353938737838122, 13.592355166084127, 15.275872810998187, 16.061216102921627, 17.69019138956877, 18.906383946379794, 21.64073778828547, 22.166247702645503, 22.61623603742062, 26.220646192173632, 26.625218386832827, 27.1901596470378, 27.776412834037153, 30.11486403241097, 31.779617856711543, 35.20523291411067, 35.929163103845305, 37.6222947784015, 40.14673936294057, 42.57818289981613, 44.995610146649504, 45.30257981380693, 45.866979772906895, 51.35890232758194, 53.271249697265326, 59.89325154009475, 60.113136464823384, 64.476833847664, 65.07546512650976, 67.20829365904903, 67.86295556441432, 75.66168305555371, 76.72397032969015, 80.81297418886444, 81.0877818663429, 83.58278389913339, 85.18886907604872, 85.5300986118443, 90.5158237535352], "marks": [1, 1, 1, 1, 2, 2, 1, 1, 1, 1, 1, 2, 1, 1, 1, 1, 2, 1, 1, 1, 1, 2, 1, 2, 2, 2, 1, 2, 1, 1, 1, 2, 1, 1, 1, 1, 1, 2, 1, 2, 1]}
