{"user": "hpp_03_00_015", "T": 100, "times": [1.7138404532612617, 4.442253485227815, 7.13880942669104, 7.5710911463964665, 8.061815505050868, 14.478078719134583, 16.490279943942724, 16.597743576108154, 19.58637256835357, 22.418628120331938, 22.616086216025526, 23.508197511605818, 31.290336811146872, 34.48319686002241, 34.998582787506706, 35.01857905124645, 35.87056043609807, 38.652336323444224, 38.67162568511716, 39.54161788667913, 39.87395065585157, 41.42552765754445, 41.52388108089303, 42.13786810357472, 52.072504725655854, 57.14609908272262, 61.358144365189276, 65.53487400692198, 66.95910243595692, 67.37405045901075, 69.03209912978022, 72.39313820204642, 77.15932976127867, 78.56105084474319, 79.52925814921481, 80.72339842919143, 86.50474008459894, 87.6614390349492, 88.89205385707285, 93.37001737083196, 96.19804102610267, 99.77076351041188], "marks": [0, 0, 2, 2, 0, 0, 0, 0, 0, 2, 2, 0, 0, 0, 0, 0, 2, 0, 2, 0, 0, 0, 2, 2, 2, 0, 0, 2, 0, 0, 0, 0, 2, 2, 2, 0, 0, 0, 2, 2, 0, 0]}
