{"user": "hpp_05_10_00", "T": 100, "times": [1.495174367224958, 2.3327829392371964, 2.713457114111162, 3.08746906893806, 4.2162430227968075, 4.353475317352279, 4.471574164801419, 4.669512275662918, 6.013365682250241, 6.044028056211799, 6.248200221190076, 7.240376498332624, 7.76775133769368, 8.17520879875529, 8.476310072266761, 10.193545743503813, 11.764098580274114, 12.038232826540096, 12.045418693722961, 12.352358592438604, 15.192615953314064, 15.788172555526348, 16.14234402150017, 16.599458876927535, 17.61036743597544, 18.74412194105984, 18.854760083539094, 18.902723656458715, 19.462568177357188, 19.94879857193178, 23.219289140123788, 23.29933151801778, 23.887871496858406, 24.948127093940958, 25.78273848399752, 28.434931007516745, 28.835317120403207, 29.359322093902158, 29.849893449619135, 31.235647809276323, 31.541072075652608, 31.63682084824728, 32.65766349848992, 32.699219680543294, 33.45208571784716, 34.79232343244933, 35.872114853681694, 36.2464772305129, 36.64089441313191, 37.18247007199145, 37.81942919515614, 37.88007793003104, 38.49818017549883, 39.6497341648569, 39.75095055395631, 39.79181842832184, 40.078826976108694, 40.312908129867594, 41.5659220344111, 41.8754270734185, 42.18392614405306, 43.38413595863934, 44.83436496146163, 45.711865170956116, 46.421464486199376, 46.89874292117796, 47.75159765391668, 48.169590460268374, 48.35940901250813, 48.40524393382587, 51.10225577537047, 52.49880619221648, 53.87995005384856, 57.07999532128402, 58.106370676209615, 58.281513664100636, 58.447128983022175, 59.2635147150947, 59.30098116705435, 59.39276790864563, 61.96645612935017, 62.37468483615143, 62.41709680355376, 62.90384278749367, 63.39075718114747, 63.564703483389316, 64.110445469794, 64.37413202830851, 64.39342645771899, 66.45021915063414, 66.46721245421725, 66.48113863066253, 67.42395980669504, 68.64173719175744, 69.3438737006545, 69.61230115298889, 70.19813778934511, 70.50284734423295, 71.34409390709845, 71.99102089290113, 72.27028962025979, 73.41138839215193, 73.75780259704509, 73.85441981685503, 75.76507724684599, 76.49931451194104, 76.62725958061856, 78.11232205922946, 79.01638157186905, 79.92238023168777, 81.12356490299305, 81.49540149944129, 82.43170871119965, 82.66597136467166, 82.66708370902687, 82.80469893310423, 83.00393243749006, 83.03753724680053, 83.12652480961648, 83.4295724150004, 84.04187070688388, 84.19657060968153, 84.55542149878637, 84.61142792032011, 84.83834812563876, 85.26199322988431, 85.39919502358521, 86.10315022485828, 87.19842536228926, 88.44724613488899, 90.07882902806053, 90.55027818829053, 91.00350462443946, 92.08702082853648, 92.95457145276664, 93.00193570959287, 93.60951454788933, 94.25370423705269, 94.8885047045205, 95.69623372177668, 96.78947372405119, 97.72300526821249, 98.15928035698258, 98.2017348824741, 99.21913709577503, 99.22711115562313, 99.82558567836833], "marks": [0, 1, 0, 0, 0, 0, 1, 0, 1, 1, 1, 1, 1, 1, 1, 1, 0, 1, 1, 1, 1, 1, 0, 0, 1, 1, 0, 1, 1, 0, 1, 1, 1, 0, 1, 0, 0, 1, 1, 0, 0, 0, 0, 1, 0, 1, 1, 1, 0, 0, 1, 1, 0, 0, 1, 0, 1, 0, 1, 0, 1, 1, 1, 1, 1, 0, 1, 1, 0, 0, 1, 1, 0, 1, 0, 1, 1, 1, 0, 0, 0, 1, 1, 1, 1, 1, 1, 1, 1, 1, 0, 0, 0, 0, 0, 1, 1, 0, 0, 1, 1, 1, 0, 1, 0, 1, 1, 1, 1, 0, 0, 1, 0, 1, 1, 0, 1, 1, 0, 1, 1, 1, 1, 0, 1, 0, 0, 1, 0, 1, 1, 1, 0, 0, 1, 1, 1, 0, 1, 1, 0, 1, 1, 0, 1, 1, 0]}
