{"user": "hpp_015_00_03", "T": 100, "times": [1.5812109729052002, 2.006634738540191, 6.2007514746218035, 6.46619000323376, 7.80419025838665, 9.100854054461648, 10.539860181265894, 10.94730685592551, 12.853509846983359, 17.733347832827885, 19.06911045070095, 21.94315082365359, 28.7215272027449, 36.92129785446262, 38.783122062654755, 41.7232299185349, 46.432775891706015, 47.551976267274995, 48.74962531591975, 50.798149468600435, 51.572397105782926, 51.60951190745893, 58.40860984374466, 58.5630888295857, 58.76893771728951, 59.183345968710455, 59.67195890164506, 60.783208926869904, 64.40141918649857, 71.78410888780567, 71.9968723060679, 74.67994450721511, 79.625264452062, 83.70109884544476, 85.60263037014126, 87.30470823756107, 90.78451766890682, 95.17246426635317, 99.92106314467935], "marks": [0, 2, 2, 2, 2, 0, 0, 0, 2, 0, 2, 0, 0, 0, 0, 2, 2, 2, 2, 0, 2, 2, 2, 2, 0, 0, 2, 0, 2, 0, 2, 0, 2, 2, 2, 0, 2, 0, 0]}
