{"user": "hpp_00_00_1125", "T": 100, "times": [3.292542465788008, 4.878795977526156, 5.2409880447405355, 6.577010660130266, 8.84209013310352, 9.22337652584542, 9.334775044099217, 10.630852345618903, 11.219954462554963, 11.521288650480125, 13.189662039786826, 13.862267193054434, 14.326020251234429, 14.32958305061804, 14.818450666052895, 15.817738721827418, 15.890505116015792, 18.055661175648684, 20.51273717921817, 21.41039542323205, 22.44538269087145, 24.793781463062846, 24.91927451169098, 26.615263937477337, 27.28324883855663, 28.098383368448165, 31.161632219833947, 31.58420220943043, 32.44322567007135, 33.394668074775524, 33.615195012516864, 34.215254454694744, 34.66196587520116, 35.1525496862282, 36.732391578772024, 36.930346552447446, 38.20333105855602, 39.599441893805384, 39.855828720217666, 40.40628041294695, 42.67183564702926, 43.28048260265382, 43.61337552306402, 45.479579428317955, 45.700046776777036, 46.545930358212715, 47.722066698254764, 49.1928348893956, 50.04501142629802, 50.076679825871416, 52.301362100435995, 52.74700559325736, 54.62387519539275, 55.09754899377084, 55.76412884010582, 57.570287680881236, 57.8947831082348, 59.4491277610133, 59.84592511599297, 60.32661830552863, 62.06283286563774, 62.37826811587014, 62.60024721481091, 63.64182193545819, 64.42187313040586, 64.66604459067956, 64.88350314013341, 65.25143684543904, 67.36874035216927, 67.8447509004514, 69.43611783660987, 69.74329973257325, 69.99411549899321, 70.37493809127427, 72.72305278443436, 73.97800377300716, 74.77680075663619, 75.38104967854248, 76.178309663198, 77.16571276596301, 77.85413297176763, 78.5576575521959, 80.17935185963711, 82.8795164423496, 83.46609369550923, 83.70443771754628, 84.4736111757337, 84.7900521598435, 88.45571137173032, 88.47011026877776, 88.50185809566756, 88.58058532499025, 90.48227376913455, 90.62084019313589, 91.35668355918251, 91.50169142664461, 91.59491279733314, 92.04211740921937, 93.6301749192638, 93.67164759196551, 94.28648833987359, 95.41568216071073, 95.81782408291788, 95.84969004081783, 96.84879740722477, 97.12833856748648, 97.20455940937008, 98.15256407757923, 98.32740180357689, 98.43287229111843], "marks": [2, 2, 2, 2, 2, 2, 2, 2, 2, 2, 2, 2, 2, 2, 2, 2, 2, 2, 2, 2, 2, 2, 2, 2, 2, 2, 2, 2, 2, 2, 2, 2, 2, 2, 2, 2, 2, 2, 2, 2, 2, 2, 2, 2, 2, 2, 2, 2, 2, 2, 2, 2, 2, 2, 2, 2, 2, 2, 2, 2, 2, 2, 2, 2, 2, 2, 2, 2, 2, 2, 2, 2, 2, 2, 2, 2, 2, 2, 2, 2, 2, 2, 2, 2, 2, 2, 2, 2, 2, 2, 2, 2, 2, 2, 2, 2, 2, 2, 2, 2, 2, 2, 2, 2, 2, 2, 2, 2, 2, 2]}
