{"user": "hpp_375_00_00", "T": 100, "times": [0.8398987797749551, 1.7061092844575674, 2.314474723496305, 3.0911324487118175, 3.09865801821209, 3.3538602219065194, 3.571866986133232, 3.9301956456314633, 4.25865000705864, 4.311144836305478, 4.408867360410932, 5.012304913612479, 5.330963221445349, 5.694700686916884, 5.897672754481151, 6.33781169759906, 6.729008554422381, 7.3762724079587905, 7.448422073735927, 8.349880193296498, 8.503352611097196, 9.1424401623158, 10.290264305193256, 10.927135984490153, 11.306187177990706, 12.018675123041428, 12.901661471772385, 14.188126374681651, 14.74245231593508, 14.758145071788542, 14.831419669561951, 15.091893890231871, 15.092183993281575, 15.640915422146854, 15.932329279676068, 15.953398022295348, 17.575180240561988, 17.71143090363137, 18.156359232353473, 18.489520840676903, 19.367115118051913, 19.964091355857416, 20.13006115772239, 20.208781511945716, 20.25830208373221, 20.31070569050427, 20.42785456842536, 20.949285483718448, 21.056720505715536, 21.083757222488618, 21.67387132314496, 22.415188275424036, 22.44824503445212, 22.79444431162645, 23.04480670961555, 23.081658514128165, 23.42281948675581, 23.6778796147703, 23.696913011965282, 24.666106533701036, 24.968546475655973, 25.0532061268401, 25.19536416536479, 25.64514944041977, 25.909568712702757, 26.046204372863205, 26.28282697846337, 26.37583528203998, 26.560580965406377, 26.749530770974612, 26.916475646053726, 27.123968265821855, 27.3072765746704, 27.62943996036641, 28.31650453529602, 28.52776518160944, 28.721084238308812, 29.40286890243715, 30.099902067977993, 30.29158241644957, 30.383230950528382, 30.575271708032897, 30.67284955578715, 30.719976946859806, 30.736941371913407, 30.896107294913616, 30.94487626341094, 31.809262385104866, 32.2261105277299, 32.472242602495626, 32.488546185033286, 32.50350784199503, 32.6434963228679, 34.21307387475386, 34.794809946391645, 35.038677982750464, 35.099776026518875, 36.653651525901616, 36.658741257773514, 37.19476162154814, 38.16456794580013, 39.14277492202089, 39.33301530834424, 40.030090822071834, 40.3436365297543, 40.362498655517825, 40.79953729955332, 41.28654147812772, 41.43893100706029, 41.502591540410776, 41.9348523925185, 41.95125075212086, 42.137501358128276, 42.29671005969717, 42.435529740974914, 42.51594089666093, 42.577082044910576, 42.78418988033223, 43.013530172985305, 43.41746355158983, 43.785150437341606, 43.79373420295632, 45.06910128260662, 45.331017761046816, 45.45995289824358, 46.028381238492855, 46.12543259749154, 46.36779373319623, 46.38519842910317, 46.40432833433655, 46.959740746533875, 47.029494860689496, 47.486012803639056, 47.79662176280618, 48.45634744451328, 48.8011610137274, 49.15639837264449, 49.32443067272972, 49.7086944177237, 50.074796299510055, 50.261429562502066, 51.115389445101655, 51.43124545201215, 52.22903882871558, 52.259213745924924, 52.292395647302435, 53.529424021519645, 53.585120294382556, 53.630855856601976, 55.54341228296249, 55.55615386675366, 56.04866110675552, 56.21548748133497, 56.3915699766186, 58.470219143147496, 59.4040722967357, 59.68422825887116, 59.79246829228775, 59.87043147485196, 59.8887857120763, 60.17643846616766, 60.48907034067669, 61.0544982611406, 61.19386826527586, 61.53206780254431, 61.629227619632424, 61.76101261801718, 61.96163900449008, 61.966341714281434, 62.494378872828555, 62.816139778391616, 63.18811561264055, 63.31650444227472, 63.85219463477713, 63.93734883094316, 64.13724492558579, 64.549307636432, 64.56249499608612, 64.68343173190567, 64.6872720101371, 64.83520950880741, 65.0828552509507, 66.6921583065293, 67.18741336529396, 67.30482597544807, 67.45329635120521, 67.51890863913587, 67.72899041655609, 68.22488484913052, 68.23386511699269, 68.48230608895749, 68.52795878329965, 68.96885536534344, 69.07704903283052, 69.15701188887793, 69.73077978960488, 69.76991511416657, 69.80762377035478, 70.04832446757835, 70.38479965311505, 70.56841930391467, 70.60927603418553, 70.6298105479728, 71.2429777243519, 71.3785573847817, 71.4757145710785, 71.58570354482244, 71.6357223837351, 71.82138182045476, 71.85457049354449, 72.59874894431205, 73.29372273004194, 73.82372756799477, 74.40730206210831, 75.02688411980564, 75.22103616947436, 75.34059787531753, 75.4926550610897, 75.56971098950817, 75.84871174683148, 76.21409119945501, 76.40032195548707, 76.8555696538859, 76.85719324789535, 76.92224088597101, 77.17602805986684, 77.23448962428644, 77.78056941736962, 78.13251900404939, 78.9861345572736, 79.14988560811022, 79.22355463303552, 79.28467443103352, 79.4436179020252, 79.66311393561459, 79.81760888597947, 79.93809591388096, 80.24962707989853, 80.25714066581324, 80.48348505386379, 80.6604984414305, 81.47645232110997, 81.7729006599296, 81.78103497172049, 81.96858555507676, 82.59778428737317, 82.73218176048594, 82.82181383745397, 82.85856414597599, 83.00319300381636, 83.03379559227248, 83.15524098906165, 83.31544125346146, 83.6455154120913, 83.71575923689758, 84.1910437683485, 85.6019456891898, 86.15108410592481, 86.71819185756038, 86.97386165674507, 87.0957920888338, 87.26160911273506, 87.45956318851422, 88.49675662644671, 88.74750380610466, 88.93545510952002, 89.2284603824853, 89.29547734075676, 89.3993856827852, 90.04903193511093, 90.29004166179995, 90.76017582049145, 91.30145825323277, 91.84883791544226, 91.9212048991553, 92.89266097010648, 93.33025426739874, 93.72799730085512, 93.87899629652695, 94.00058434913649, 94.05335420012351, 94.08787691298333, 94.72575464432629, 95.03387628692549, 95.580266984241, 95.99392696500742, 96.24236711425289, 96.45326204510698, 96.80461514930778, 96.83667244862035, 97.13949858752822, 97.43011974257512, 97.45953744401508, 97.62144187117372, 97.74751067320358, 97.91516404036426, 98.28939663001442, 98.34732027511396, 98.95590604644147, 99.65510190603489, 99.7123046011277], "marks": [0, 0, 0, 0, 0, 0, 0, 0, 0, 0, 0, 0, 0, 0, 0, 0, 0, 0, 0, 0, 0, 0, 0, 0, 0, 0, 0, 0, 0, 0, 0, 0, 0, 0, 0, 0, 0, 0, 0, 0, 0, 0, 0, 0, 0, 0, 0, 0, 0, 0, 0, 0, 0, 0, 0, 0, 0, 0, 0, 0, 0, 0, 0, 0, 0, 0, 0, 0, 0, 0, 0, 0, 0, 0, 0, 0, 0, 0, 0, 0, 0, 0, 0, 0, 0, 0, 0, 0, 0, 0, 0, 0, 0, 0, 0, 0, 0, 0, 0, 0, 0, 0, 0, 0, 0, 0, 0, 0, 0, 0, 0, 0, 0, 0, 0, 0, 0, 0, 0, 0, 0, 0, 0, 0, 0, 0, 0, 0, 0, 0, 0, 0, 0, 0, 0, 0, 0, 0, 0, 0, 0, 0, 0, 0, 0, 0, 0, 0, 0, 0, 0, 0, 0, 0, 0, 0, 0, 0, 0, 0, 0, 0, 0, 0, 0, 0, 0, 0, 0, 0, 0, 0, 0, 0, 0, 0, 0, 0, 0, 0, 0, 0, 0, 0, 0, 0, 0, 0, 0, 0, 0, 0, 0, 0, 0, 0, 0, 0, 0, 0, 0, 0, 0, 0, 0, 0, 0, 0, 0, 0, 0, 0, 0, 0, 0, 0, 0, 0, 0, 0, 0, 0, 0, 0, 0, 0, 0, 0, 0, 0, 0, 0, 0, 0, 0, 0, 0, 0, 0, 0, 0, 0, 0, 0, 0, 0, 0, 0, 0, 0, 0, 0, 0, 0, 0, 0, 0, 0, 0, 0, 0, 0, 0, 0, 0, 0, 0, 0, 0, 0, 0, 0, 0, 0, 0, 0, 0, 0, 0, 0, 0, 0, 0, 0, 0, 0, 0, 0, 0, 0, 0, 0, 0, 0, 0, 0, 0, 0, 0, 0, 0]}
