{"user": "hpp_25_125_00", "T": 100, "times": [0.5420874513394416, 0.7123416939034691, 1.8196282297081838, 2.0781204519363117, 2.5286019188122753, 3.3984661886232366, 3.4803791040273144, 4.167816858374001, 4.583961191544991, 4.6113063749422345, 4.866288164899144, 5.005000025852939, 5.135234415323841, 5.135333657350141, 6.230771770357796, 6.250984464340526, 6.313644982878944, 6.384889913156311, 6.396096874466939, 6.631727226812567, 6.646017392600756, 7.0773216845052405, 7.30840246048247, 7.359603774236259, 7.682225933990092, 8.015714003671397, 8.112304202636274, 8.325236328385365, 8.682106055323151, 9.144036683039012, 9.286820436159452, 9.367688009606663, 9.730165777018026, 9.753444119620067, 10.189396627633585, 10.202609227941268, 10.99949939604311, 11.431596360492843, 11.843545814414664, 12.988208645891355, 13.448077720732655, 13.66285088117754, 13.774259478927227, 13.867260003559927, 13.976547564470206, 13.97961866199418, 14.661149156101981, 14.716973943582397, 14.78879791886233, 15.436804313546197, 15.62500976859256, 15.66090125813312, 15.871092718245215, 16.858519923714006, 17.280828800590342, 18.03670389229569, 18.42378002285356, 19.384782581208775, 19.463940322040838, 19.500587185858144, 19.69271634332761, 19.789902502071147, 19.943790371703177, 20.949511215566034, 21.116613804921805, 21.484354563842253, 21.518266147832886, 21.754952562228784, 22.031293248719194, 22.34971864116411, 22.455823633077767, 22.623224524193994, 23.003085305391334, 24.59792830096517, 24.61187397974586, 24.98966310632088, 25.383325861225412, 25.4270136081899, 25.445577626281036, 25.75490552963121, 26.293917673381166, 26.480461831599044, 26.49805902251133, 26.696805647413044, 26.782473668924236, 26.961243043777056, 27.280406292266864, 27.292384197702876, 27.66337905588556, 27.8918968805299, 28.005435378480502, 28.704238403974937, 28.731217849544898, 30.070976023925695, 30.119788958150885, 30.50745991915886, 30.555096212954812, 31.049255811052188, 31.862466420275084, 32.31993505743771, 32.67772149155088, 32.90844382718636, 32.980466684015774, 33.090076142420905, 33.61198622171753, 33.74615342727446, 35.0558166211216, 35.90698976110138, 35.933680168856476, 36.015161906541266, 36.02165036669543, 37.31755819188349, 37.37063288140371, 37.40122779414849, 37.63427196786517, 37.68276409317311, 37.813738895127116, 38.69728313799682, 38.857609741597564, 39.09922642546698, 39.66284775850222, 39.763853293580965, 39.80859203695682, 40.337949510278705, 40.65573402748064, 40.96212994228611, 41.776504972465546, 41.78217581687291, 41.89620272173674, 41.909131527624744, 42.493720392789214, 42.550604836120364, 42.64574811140258, 42.99124832779862, 43.195964994519095, 43.23395998667418, 43.24897092358537, 43.88597294192837, 44.10552591494402, 44.489547829099955, 45.33143578867975, 45.50063559863677, 45.85000597537879, 46.0839265029126, 46.29115408659411, 47.179571914969934, 47.18158306206699, 47.62441967599951, 47.72962974332532, 48.15212801947157, 48.49055273549667, 48.53142161378838, 48.83027743918567, 48.942113575303935, 49.041939906405375, 49.3566480000507, 49.57108687352384, 49.88694352981143, 50.139731555305765, 51.21295528578872, 51.31311542079282, 52.134230509044556, 52.30578571187104, 52.32715102117897, 52.64918804850044, 53.017501343840124, 53.52961127788318, 53.576579937158876, 53.758300014340826, 53.9855124851465, 54.516932660408465, 54.688353759472726, 54.88493902808868, 54.96191737016095, 55.74283324020145, 55.74453991083271, 57.391837808248226, 57.482800562254475, 57.67405378076815, 58.11221240161341, 58.947633409506224, 59.02669452700402, 59.087192129409814, 59.24677997233284, 59.346386548579495, 59.73491524651167, 60.91169807014463, 61.30815781508542, 61.52706394880362, 61.66560619696356, 62.58138614776799, 62.81159806618998, 63.14655579213311, 64.12471390857984, 64.23801899725505, 64.52669125634857, 64.64390618031753, 64.6862366538834, 64.8681436013447, 65.25803520334213, 65.6466433330668, 65.86024249899617, 66.03855574988866, 66.14391333062872, 66.40099592579521, 66.44846605822232, 67.42301127136462, 67.43826941662255, 67.5073907316976, 67.82737408789632, 68.26671934376238, 68.34412961306836, 68.38580132733287, 69.06109744478991, 69.80048531550392, 70.10462895112188, 70.80605568253976, 71.15806091336508, 71.61370954994857, 71.85689081536059, 72.37224603789359, 72.42322398434177, 72.5912180884749, 72.61939153117781, 73.20411566609047, 73.54010110225485, 74.15526120549808, 74.20648342817914, 74.34570054903318, 75.2061155470506, 75.54498556574529, 76.43648398451313, 76.77266895528078, 76.92297794058226, 77.07856349189098, 77.41876802624724, 77.52407754106999, 77.61698301647205, 77.67209103854634, 78.12832398811796, 78.12909063041653, 78.22903631343127, 78.36798648813362, 79.3559768831264, 80.0476844459398, 80.21221145806157, 80.24106048566959, 80.89618491449161, 81.00684312452158, 81.05679331251541, 81.22153926785607, 81.48848064949098, 81.59301003189368, 81.59926901462897, 82.85867922239962, 83.05776444557758, 83.60993253203445, 83.9410874157955, 84.45111408341148, 85.04505172221015, 85.13193799527365, 85.32652434711284, 85.51704647154274, 86.28039495576772, 86.50898315049388, 86.52220427382757, 86.57857055527644, 87.08072157582255, 87.18812928227827, 87.89989479799665, 87.9144803574702, 87.95894075978538, 88.16453033303115, 88.63171183180721, 88.75432063331087, 88.78778060568219, 89.00509865326399, 89.36646787280117, 89.45766462564562, 89.52671493218628, 89.82153951018167, 90.11227634091424, 90.27145840926978, 90.94033005111906, 92.20202138695548, 92.34477505817304, 92.40304993331354, 92.5502670799869, 92.60160944176722, 92.60491852467163, 92.68404916026613, 93.059195829077, 93.14434008912583, 93.61315161743961, 93.67702597136358, 93.72111018058554, 94.3590976938083, 94.37939095657354, 94.66724218796115, 95.18063225683751, 95.36629931189348, 95.5907906189344, 96.56205600122004, 97.51942982019945, 98.44843339376982, 98.54452060193215, 98.70645155660635, 99.24230288474341, 99.42368406677217, 99.83844120002574], "marks": [0, 0, 0, 0, 0, 0, 0, 1, 0, 0, 0, 0, 0, 0, 1, 1, 1, 1, 0, 1, 1, 1, 0, 0, 0, 1, 0, 0, 0, 0, 0, 1, 1, 0, 0, 0, 0, 0, 0, 1, 0, 0, 1, 0, 0, 0, 0, 1, 1, 1, 0, 1, 0, 0, 0, 0, 0, 0, 1, 0, 0, 0, 0, 0, 1, 0, 1, 0, 1, 0, 0, 0, 1, 0, 0, 0, 1, 0, 0, 1, 0, 1, 0, 0, 0, 1, 0, 1, 0, 0, 0, 0, 1, 0, 0, 1, 0, 1, 0, 0, 0, 0, 1, 1, 0, 0, 1, 0, 1, 0, 0, 1, 1, 0, 0, 1, 0, 0, 0, 0, 1, 1, 0, 0, 0, 1, 1, 0, 1, 0, 1, 1, 0, 0, 1, 0, 1, 0, 0, 0, 0, 1, 0, 1, 0, 0, 0, 1, 0, 0, 0, 0, 0, 1, 1, 0, 0, 0, 0, 0, 0, 1, 0, 0, 0, 1, 0, 1, 1, 0, 0, 1, 0, 1, 1, 1, 0, 1, 0, 0, 1, 1, 1, 0, 0, 1, 0, 0, 0, 0, 0, 0, 1, 1, 1, 0, 0, 0, 1, 1, 1, 1, 0, 0, 0, 0, 0, 0, 0, 1, 0, 0, 1, 0, 1, 0, 0, 0, 0, 0, 1, 0, 1, 0, 0, 0, 1, 0, 0, 1, 0, 0, 0, 0, 0, 0, 0, 0, 0, 1, 0, 0, 0, 1, 0, 1, 1, 0, 0, 1, 1, 1, 1, 0, 1, 1, 1, 1, 0, 0, 1, 0, 0, 1, 0, 0, 1, 0, 0, 1, 1, 1, 0, 1, 1, 0, 0, 0, 0, 0, 1, 0, 1, 1, 0, 1, 0, 1, 0, 0, 1, 0, 1, 0, 1, 0, 1, 0, 1, 0, 0, 0, 1, 1, 0, 0, 1, 0, 0, 0]}
