{"user": "hpp_00_15_00", "T": 100, "times": [0.716426153970411, 1.5954392765157093, 1.6853165247758723, 1.7033161966918466, 1.9602955358714749, 2.453565366349628, 3.253080607589362, 3.717534291483644, 3.7429172313071777, 3.863544614814654, 6.019476338379862, 6.696375515243202, 7.220100282626273, 8.363689553600977, 8.791364934966593, 8.844051037010798, 9.008803945168667, 9.980518133719256, 10.676690397091972, 10.699847983016895, 10.7324418650535, 10.805591988017412, 10.835905747471946, 11.891812153952323, 13.496179575621033, 13.832347728448486, 14.037063005043464, 14.68020228001256, 16.1120167917309, 17.47561492753293, 17.985959810263328, 18.220899475982826, 18.97835614755766, 19.433620099102978, 21.348651018279003, 23.772282761094306, 23.820664606206165, 24.19319077322739, 24.71572010841488, 25.367739547174224, 25.898182488693557, 26.247560195631625, 26.3502763414268, 27.396121867318083, 27.601559678372087, 28.371337804018932, 28.87324883539694, 29.139883920416118, 29.33467493448926, 29.479408165672, 30.222041636272593, 30.589856621726526, 30.924325755617875, 31.44834251576602, 31.472605745106787, 31.811966831760152, 32.4723983307177, 32.864480374170064, 33.69381593030005, 35.032671801148396, 36.780449316491634, 37.03141175086362, 37.131891313109804, 37.288192195324356, 38.18486576339304, 38.73752818763047, 38.87460030993394, 39.100552861155585, 39.19954391695758, 39.51447259592696, 39.83949732478146, 41.10669690817459, 41.56603538217809, 42.19322398773731, 42.93959080466151, 43.717630150916925, 43.78889286932389, 44.56974695211565, 45.40745919673735, 45.763529368077755, 46.5979503047388, 47.56322182903198, 48.23046171707472, 48.49914731639216, 48.58933371104959, 48.67590411426056, 50.72473179619102, 50.978973560157954, 51.83283980755252, 52.15197235289743, 52.86861679889123, 53.49786069051616, 53.627087622798605, 54.191515285717564, 54.71527819400756, 55.447284931646706, 56.45687963572353, 56.60098905194595, 57.00909505920281, 57.15675042590338, 57.78373359100994, 58.007316090985334, 58.822638395413854, 58.822915806521955, 58.97305168254549, 59.2832881484811, 59.31136488847806, 59.6136172216408, 61.46152789742535, 62.0009164355272, 63.268646724325556, 63.76770426618097, 64.55787720928758, 66.59015667381382, 66.91015821530365, 69.13472974790575, 70.94151064128197, 71.11807998204858, 71.12568513789083, 71.12694517928972, 71.25336090625734, 72.00155635120758, 72.08159313674639, 72.66237141335345, 72.76154382217214, 72.90114128769125, 74.66414266684296, 74.76360707170062, 76.42072609801585, 76.55903405747932, 76.88689907233847, 76.93127003578903, 77.96731569065432, 80.73137765031233, 81.64032299578398, 82.31373019453683, 82.57551766830831, 83.00174375325297, 83.02450352713306, 83.5061722074284, 84.01944907925669, 84.93758825038181, 85.03796049655251, 85.27124486025758, 85.40566107083515, 85.53475193761666, 88.140908569579, 89.55755586109464, 89.57390001646345, 89.80174517768695, 90.46271880983592, 93.05287065037967, 93.73769700414537, 94.00290911339543, 94.67363045109214, 94.72511256295564, 96.22143012629606, 97.5351997811075, 98.25288092223079, 98.60015381449811, 98.76781288717092, 98.99490169468473], "marks": [1, 1, 1, 1, 1, 1, 1, 1, 1, 1, 1, 1, 1, 1, 1, 1, 1, 1, 1, 1, 1, 1, 1, 1, 1, 1, 1, 1, 1, 1, 1, 1, 1, 1, 1, 1, 1, 1, 1, 1, 1, 1, 1, 1, 1, 1, 1, 1, 1, 1, 1, 1, 1, 1, 1, 1, 1, 1, 1, 1, 1, 1, 1, 1, 1, 1, 1, 1, 1, 1, 1, 1, 1, 1, 1, 1, 1, 1, 1, 1, 1, 1, 1, 1, 1, 1, 1, 1, 1, 1, 1, 1, 1, 1, 1, 1, 1, 1, 1, 1, 1, 1, 1, 1, 1, 1, 1, 1, 1, 1, 1, 1, 1, 1, 1, 1, 1, 1, 1, 1, 1, 1, 1, 1, 1, 1, 1, 1, 1, 1, 1, 1, 1, 1, 1, 1, 1, 1, 1, 1, 1, 1, 1, 1, 1, 1, 1, 1, 1, 1, 1, 1, 1, 1, 1, 1, 1, 1, 1, 1, 1, 1]}
