{"user": "hpp_00_25_125", "T": 100, "times": [0.01675251816843663, 0.03251308745034809, 0.2600335369997293, 0.5471626238775403, 0.6351021618774341, 0.7598735750554965, 1.066518546310033, 1.7136142409449815, 2.050406627819749, 2.33029655957695, 2.4430258758508545, 2.445066835264151, 2.4838075805722415, 2.588416082253163, 2.683258633724414, 2.7399697581670766, 2.9172306769831637, 3.060580426002753, 3.3863881540772494, 3.8095515641811373, 4.295408508462905, 4.849342106812577, 4.998282812371496, 5.229832849513638, 5.3124044448068695, 5.460874599094531, 5.6802402685503015, 6.1205260755698205, 7.094167901919181, 7.911790340271201, 8.555961705478136, 8.824216648613625, 9.296708666516855, 10.159614901084312, 10.802604560989487, 10.909148203834166, 11.126447930893178, 11.152475809469703, 11.378044652456078, 11.474057617717225, 11.781653435105806, 13.00828598941139, 13.440182764351677, 13.70835472920145, 13.760295160763183, 14.033051354077694, 14.057723731810098, 14.162154717838126, 14.280335995798005, 14.347326689439981, 14.516271903769956, 14.641201916653806, 14.690215875230194, 14.832616925365611, 16.08688468884478, 16.171435004527495, 17.061979695405338, 17.195922442387896, 17.514266594603153, 17.860189633120925, 19.12393532425226, 19.630357694499622, 19.784996905899632, 20.28674023953192, 20.34961106254812, 21.87938143284744, 21.994155632444954, 22.997816873224806, 23.394436778198923, 23.508667446573828, 23.94185292389694, 23.981111110706035, 24.52020410182205, 24.60330697274928, 24.999865054190977, 25.18359109786277, 25.522884112455454, 25.931527321948593, 25.99877860155901, 26.290879478438494, 26.31360543567583, 26.344305316075495, 26.43234302350181, 26.832065203865984, 27.544462723244106, 27.54969476313991, 27.978512267187842, 28.171345539988412, 28.48608865962297, 28.519455273755778, 28.655166966904915, 29.119131202762688, 29.306054300921517, 29.997120444800863, 30.230311622757622, 30.410220145495718, 30.57057389133666, 30.655627176297294, 31.14394434678775, 31.325903142318293, 31.372382246065726, 31.42086085887987, 31.809244935007737, 31.91749733454484, 32.09832484823615, 32.97989383208842, 33.02479233007165, 33.04708368226134, 33.104375611176266, 34.40311676284496, 35.02406335531642, 35.04639334802348, 35.75132376246571, 36.137014877249335, 36.409368897000775, 36.579389101016616, 37.08297590178502, 37.735363943333006, 37.951461694913036, 38.02479585432303, 38.2466227730242, 39.42157904972299, 40.96163553701925, 41.66435333389566, 41.88630923421292, 42.30761851227902, 42.4753131489269, 42.768679428843676, 43.087967829741615, 43.21407512763512, 43.476266609884874, 43.61864825843941, 43.724196328964666, 43.86858957829316, 43.97560709257339, 44.36727812473946, 44.60530518784447, 45.15102447931155, 45.3040715495383, 45.52352481353398, 46.8155506489044, 46.87092063659004, 46.892189538863, 47.77687321798309, 47.78220403194914, 48.4064302942537, 48.847776151719295, 49.06547169326463, 49.11890825986547, 49.82469965362248, 50.77718053699085, 50.86922583474327, 51.46889605013297, 52.020127092169595, 52.18125448732175, 52.97800430899799, 54.07166397490838, 54.42232990547409, 54.513641349568154, 54.56533297496339, 54.87645596285752, 54.94647928689785, 55.41376400017918, 55.42464944006568, 55.65295465679306, 55.8570211644401, 56.754647161063154, 57.02911538610549, 57.137592118642324, 58.160061798291544, 58.25312098135304, 58.33113395555218, 58.73373898779246, 59.07563724315941, 59.72155623922032, 60.4789927278936, 60.49133370887491, 62.00408347606583, 62.27262184251806, 62.38406384990466, 62.53226117256542, 62.82426273835261, 62.86184583416188, 63.35791973365896, 63.50045804391831, 63.87545626025691, 64.1539029247474, 64.77110140358383, 65.07137033689537, 65.16130279768896, 65.20951818626457, 65.51376857046044, 65.82107501624988, 66.2088993670486, 66.30754734701438, 66.31793386608453, 66.37755094578216, 67.0159410961148, 67.4937248568599, 67.62278609861899, 67.93112104542391, 68.83453703252445, 68.94814264148233, 69.04169488107087, 69.9139236692072, 69.98161521760903, 70.08154064608102, 71.46206145525365, 71.5398816185525, 72.05560926229019, 72.1889078218254, 73.05084965288437, 73.29494293237376, 73.6774170803464, 74.43349626011425, 74.60750230704991, 75.00304057389909, 75.05564826203563, 75.48176952668531, 75.78980485083034, 75.83490419266103, 76.52615075993604, 76.53398077600458, 76.71744318958896, 76.80715595277947, 77.15115361576349, 77.35972712260063, 77.43890318368508, 77.96306539797409, 78.16300022179396, 78.28115372821748, 78.40010489486647, 79.24564759005638, 79.24651195191777, 79.70262492795062, 80.38795863112925, 80.96366004351005, 81.21378478550497, 81.64376923108777, 81.65279513471441, 81.67642781920908, 82.26280137550063, 82.36509413697394, 82.47943497629896, 82.79322677858924, 82.86776559437574, 83.13835180133846, 83.24638155015856, 83.3162284059495, 83.42091458785829, 83.94787630138323, 84.15243048312797, 84.63148874108981, 84.72109181783236, 84.72159313851658, 84.74613343941644, 85.01022845967381, 85.1342310964215, 85.45931655397051, 86.48387794889639, 87.29090331051347, 87.51059970980808, 88.52788999594561, 88.70873794000079, 88.85951859752844, 89.64173901390966, 89.73447111788731, 89.82911895852733, 90.14613746775409, 90.56356801845189, 91.62036861810871, 91.73771497255368, 92.02116789950183, 92.06440049505721, 92.17758103298921, 92.71758301929388, 93.09527567456752, 93.2809804798318, 93.4058016060936, 93.47581400998872, 93.64244431417107, 94.28403649685254, 94.45990544878279, 94.9646193105031, 95.12035353926025, 95.3556209476853, 95.58039165305696, 96.50300365670536, 96.73602897834026, 97.15208957760319, 97.42389710506852, 97.5563811520951, 98.75654294632044, 98.85771146827155, 99.00776546871673, 99.06689074970502, 99.32379616970123], "marks": [1, 1, 1, 2, 2, 1, 1, 1, 1, 2, 1, 2, 1, 1, 1, 2, 1, 1, 1, 1, 2, 2, 1, 1, 1, 1, 2, 1, 1, 1, 1, 1, 1, 1, 1, 1, 1, 1, 1, 2, 1, 2, 2, 1, 1, 2, 1, 1, 1, 1, 1, 2, 1, 2, 1, 1, 1, 2, 2, 1, 1, 1, 2, 1, 1, 2, 1, 1, 2, 2, 1, 1, 1, 1, 2, 1, 1, 1, 1, 2, 1, 1, 2, 1, 2, 1, 1, 2, 2, 1, 1, 1, 1, 2, 1, 1, 2, 1, 1, 1, 1, 1, 1, 1, 1, 1, 2, 2, 1, 1, 1, 2, 1, 2, 2, 2, 1, 1, 2, 1, 1, 2, 1, 1, 1, 1, 1, 1, 1, 1, 2, 1, 1, 1, 1, 2, 2, 1, 1, 1, 1, 2, 2, 2, 1, 1, 2, 1, 1, 2, 1, 1, 1, 1, 1, 2, 1, 2, 1, 1, 1, 1, 1, 2, 1, 1, 1, 2, 1, 1, 2, 1, 2, 1, 1, 1, 2, 1, 2, 1, 1, 1, 1, 1, 1, 2, 1, 2, 1, 1, 1, 2, 1, 1, 2, 1, 1, 2, 1, 2, 1, 1, 2, 2, 2, 2, 1, 1, 2, 2, 1, 1, 1, 1, 1, 1, 1, 2, 1, 2, 1, 1, 1, 1, 1, 2, 1, 1, 1, 1, 1, 2, 1, 2, 1, 1, 1, 1, 1, 1, 1, 1, 1, 2, 2, 1, 2, 1, 2, 1, 1, 1, 1, 1, 1, 1, 2, 1, 2, 1, 1, 2, 1, 1, 1, 2, 1, 1, 1, 2, 1, 1, 2, 1, 2, 1, 2, 2, 1, 1, 1, 1, 1, 1, 2, 1, 1, 2, 1, 2, 2, 1, 1, 2, 1, 1, 1]}
