{"user": "hpp_0375_075_00", "T": 100, "times": [0.06696580316552865, 0.973522363546639, 3.4728180896107586, 4.767675036747617, 5.075797477230442, 6.460766357958333, 7.098075179801434, 7.1019782850050674, 8.53692518943578, 8.758896348381255, 10.951027675785763, 12.112688011539221, 13.227082799015104, 13.361154092666766, 13.931984877691015, 14.048853399246205, 14.049821523406349, 14.426849217157686, 14.469102364585616, 14.915401005262279, 15.428961499256358, 15.768957568476948, 15.96890400111563, 17.384821266521538, 17.417794998008624, 17.564749283130958, 18.69140307385537, 19.154296537670298, 19.420016853504737, 19.836709162675447, 23.580861983760343, 24.996907250193384, 25.284741486357944, 25.323565323810325, 25.48721018242599, 28.433944375872645, 29.67665215150177, 31.229914568074044, 32.2206504422862, 32.73680104258307, 33.04278454593748, 33.323776566248696, 36.2678134400688, 36.3261564364652, 37.355304839277366, 37.835643345275486, 38.48821733842778, 39.912871666343236, 42.15325773608446, 43.5981746177041, 44.1374975031129, 45.04832559188435, 45.93865329916801, 46.57806328618089, 48.57065181137917, 49.08792696066661, 49.68025779651176, 52.47596884638401, 52.86198380201213, 53.39917384906001, 53.56951072285422, 54.79725388983286, 54.926960129106625, 55.32906006617286, 56.05122537049553, 56.34330887429492, 58.52420584377874, 58.96395065013365, 59.43274487536305, 61.6517151311581, 61.82668500712158, 62.13957304659955, 62.467913060503975, 62.953237703380864, 65.12428113842057, 65.73510761571652, 66.21281536785446, 66.34307558232688, 66.56902578840646, 66.72289028932066, 67.35484901492036, 70.0928904737329, 70.30020272650883, 70.991799737409, 71.0527533991543, 71.7634811357132, 74.89567909025355, 76.14302293843095, 76.19515618189638, 76.82164822326594, 76.94164611995618, 78.6079711088926, 81.26005642394001, 82.6719082128518, 82.80561804658073, 83.37684672889866, 83.66453926376924, 84.53376675261478, 84.73894434903629, 85.89041474859299, 86.64564669746107, 87.67801657405441, 88.0657624182842, 88.48418901387208, 88.7921027303524, 90.0760045791092, 90.30677943735304, 91.87554893467173, 91.88639941322285, 92.561653991697, 92.57956844558684, 93.38198858574518, 94.16966733829608, 94.35124951073252, 94.45257454000526, 95.57277699522979, 96.33412655148774, 97.59465837481267, 98.39691016100289, 98.51164872200054, 99.20049837630442], "marks": [0, 0, 0, 1, 1, 0, 0, 0, 1, 0, 1, 0, 1, 1, 1, 0, 1, 1, 1, 1, 1, 1, 1, 1, 1, 0, 0, 1, 1, 1, 1, 1, 1, 1, 0, 1, 0, 1, 1, 1, 1, 1, 1, 0, 1, 1, 1, 1, 1, 0, 1, 0, 1, 0, 1, 0, 0, 1, 1, 1, 1, 1, 0, 1, 1, 1, 1, 1, 1, 1, 1, 1, 1, 1, 1, 1, 0, 0, 1, 1, 0, 1, 1, 1, 0, 1, 1, 1, 1, 0, 1, 0, 0, 1, 0, 1, 0, 1, 1, 0, 1, 0, 1, 0, 1, 1, 1, 1, 1, 1, 1, 0, 1, 1, 1, 1, 1, 1, 1, 1, 1]}
