{"user": "hpp_00_044999999999999996_00", "T": 100, "times": [1.309533638142827, 1.3253315515542128, 4.4165891594139834, 4.888996101053662, 5.322544469766928, 6.4800983811354955, 11.056357337978525, 14.551787195263936, 19.217598368879948, 21.52533027186779, 27.652022983511653, 28.337624969640473, 32.13614802471398, 37.024038691525696, 42.94101527065706, 46.82769055824718, 48.823219651964216, 50.89944682359019, 52.42375995230958, 53.01666416547083, 53.85430530547916, 56.9622670347933, 57.96414109286563, 65.43912478066206, 67.21510004974866, 68.56805202803523, 71.84253876248067, 77.3858480151643, 90.15359301365453, 91.36289331098465, 91.36366431282964, 96.59824289287937, 97.96704017137849], "marks": [1, 1, 1, 1, 1, 1, 1, 1, 1, 1, 1, 1, 1, 1, 1, 1, 1, 1, 1, 1, 1, 1, 1, 1, 1, 1, 1, 1, 1, 1, 1, 1, 1]}
