{"user": "hpp_00_0375_075", "T": 100, "times": [0.24709321717662824, 0.4725469204387921, 1.3421217841587763, 1.3559938663949411, 1.9986240500444055, 2.8030144426595047, 3.8243394921559313, 4.696781297941149, 5.93019649202565, 6.09695687535964, 6.322313822780072, 6.642198076286328, 6.650081220549483, 7.287856451073617, 7.599591087558975, 7.604150946499948, 7.724429902968395, 7.725516801481372, 8.864121761043391, 8.877319714810648, 9.355677614864339, 9.93803852146002, 10.294271180007147, 10.878465184730333, 11.50832215508064, 13.536912199813345, 14.187006027614668, 14.99539486916746, 16.36034275697722, 16.402265154139872, 17.181159357764223, 17.260005852290863, 17.523468843574197, 17.964795133876574, 18.87998275572032, 20.182080953758962, 20.982791814902765, 22.247078902450294, 22.673680785024832, 23.983791755082187, 26.59641152899262, 26.609502404351066, 27.574894333684902, 28.319712311546898, 29.551485567770214, 29.652987658657686, 30.97904932279822, 32.01723500796254, 32.21199477433641, 32.83552458251283, 33.65546324604709, 34.50296279058679, 35.57556642428326, 36.31193268543891, 36.35081990679946, 37.95642316771224, 38.85390365876402, 38.897071809811926, 39.382537884090965, 41.16837334242191, 41.42472808139794, 42.849082354003905, 46.20509222625886, 47.437339251061275, 48.87812152388826, 50.43565671083093, 50.82371332960228, 51.61223119548257, 53.28909992062502, 54.196690046675364, 54.89751993382638, 55.39118849081911, 55.41743337191082, 56.88843973956088, 58.4401454165662, 59.21405190329386, 60.2747249369009, 60.64935943430296, 60.911544593381734, 62.40950052773094, 64.16590665108451, 66.63616438194695, 67.50611930238257, 68.95510104380224, 70.4511918097013, 71.00978685690143, 73.65515142686442, 73.89095664378326, 73.94315887316934, 74.22597008032855, 74.39458128564813, 75.9651995437673, 76.07915673996, 76.4299499242482, 77.19303918850488, 77.55877012636995, 78.34634722441471, 78.78936515610579, 78.93775335679075, 79.79095194420147, 80.07789305382325, 81.2596314174287, 83.25521294224866, 83.47686294927142, 84.16297193924916, 84.63139355971462, 85.00004175491866, 85.11198997023446, 89.90803396307011, 90.32609013143468, 90.73271737311806, 91.72827677005172, 91.77308475455276, 92.14958600520207, 92.25989083205452, 94.00899764589907, 94.19672800907337, 95.18090625697161, 95.80812992571752, 96.04301091308089, 96.83802307887427, 97.61406232528654, 98.69497311719523, 99.49869697633211], "marks": [1, 2, 2, 1, 2, 2, 2, 1, 2, 2, 2, 2, 1, 2, 1, 2, 1, 2, 2, 2, 2, 1, 1, 2, 2, 2, 1, 2, 1, 2, 2, 2, 1, 2, 1, 2, 2, 2, 2, 2, 2, 2, 1, 1, 1, 2, 1, 1, 2, 2, 1, 2, 2, 1, 1, 1, 2, 2, 2, 2, 2, 1, 1, 2, 1, 2, 2, 1, 1, 2, 2, 2, 2, 2, 2, 1, 2, 2, 1, 2, 1, 2, 1, 2, 1, 2, 2, 2, 2, 2, 2, 1, 1, 1, 2, 1, 2, 2, 2, 1, 1, 1, 1, 2, 2, 2, 2, 2, 2, 1, 1, 2, 2, 1, 2, 2, 1, 1, 1, 1, 1, 1, 2, 2]}
