{"user": "hpp_05_00_10", "T": 100, "times": [1.7351352175178918, 2.5746821717458115, 2.641108457249246, 3.276279421288587, 3.753255148488811, 4.253745721652285, 4.453194435690111, 4.6458821795700205, 5.084279032973261, 5.512820586262037, 5.815167862769079, 6.29848613651214, 8.94606224143253, 9.082901044948201, 9.419667857989083, 9.6774249202901, 9.691697045190605, 11.206202400274275, 12.08838847431683, 13.308615831514045, 13.825381820416295, 14.451694844868117, 15.385567255505316, 17.80193529352512, 18.252213386071258, 18.411459703257268, 19.060609691210118, 20.753648940067794, 21.039958024272998, 21.115203809602622, 21.12383095376799, 21.241085171655516, 21.29403369166057, 21.878124592473895, 22.08661258821457, 22.47199481166019, 22.82660572624266, 23.153927746216933, 24.81666410531553, 25.086474681288426, 25.217322087786936, 25.234203140084997, 25.811966055367613, 26.6505615984238, 27.162257969012114, 27.248049679168755, 29.114907862744833, 29.427925103774946, 30.347797865685866, 31.2204509441363, 32.24693736382223, 34.52894558515079, 37.59136993584137, 38.342760220900956, 38.81376122642169, 38.994854259900926, 40.27375409118433, 41.28870714568695, 43.3599427976499, 43.64006109938666, 44.73868289028911, 45.294095052689684, 45.541625295438934, 45.553081910571315, 46.14022287792299, 46.29800898370946, 47.19950810057495, 47.44237358954503, 47.51278671841448, 49.26615339316555, 49.69010496592736, 50.060947881892325, 50.356772202039174, 51.41823102479335, 51.81219387013588, 52.46694895500735, 53.20044739055485, 55.16742973726496, 55.168276331397344, 57.38647924314245, 58.16791370960864, 59.114550611893215, 59.38069459951865, 60.14982806193424, 61.231964132754335, 61.41735961543921, 61.78296798720313, 62.26616664781021, 62.60423833101367, 62.857528330795894, 63.86052277177907, 64.86624728778753, 65.6008905193833, 65.66103076839995, 65.72391925199912, 67.0684098966329, 67.48181950755047, 67.5810920923969, 67.94475354752775, 68.50217206272919, 68.66767219735574, 68.91660308607128, 69.7651077917907, 69.78787211097121, 70.14660973839706, 70.35830830631576, 70.91972346557914, 72.53031045940479, 73.14958812353716, 74.6317224471746, 74.78638009485452, 75.05587072579685, 75.40126691526793, 75.81276118585693, 77.26811021882506, 79.89491284771823, 81.15973968545723, 82.71958549384334, 83.9981159197061, 85.85173529940522, 89.22933090653416, 90.49853862903106, 91.28679741466917, 91.83315111075166, 91.94873110102941, 91.97706520682468, 92.31331863944094, 92.79569143349143, 93.39724194955546, 93.91869500060072, 94.48741524510677, 94.65902575506863, 94.88658868169047, 96.12227050463508, 96.56537540208708, 96.95816236561407, 97.40153917279436, 97.72743688187013, 98.61785435389069, 98.89801259416251], "marks": [2, 2, 2, 2, 0, 2, 2, 2, 0, 0, 2, 0, 0, 0, 2, 2, 0, 2, 2, 2, 2, 2, 2, 2, 2, 0, 2, 0, 2, 2, 0, 2, 0, 2, 2, 2, 2, 2, 2, 2, 2, 0, 0, 2, 0, 0, 2, 2, 2, 0, 2, 2, 2, 0, 2, 2, 0, 2, 2, 2, 0, 0, 2, 2, 2, 0, 0, 0, 2, 2, 2, 2, 0, 2, 0, 0, 0, 2, 2, 2, 2, 2, 2, 2, 0, 2, 2, 2, 2, 2, 2, 0, 0, 2, 2, 2, 2, 0, 0, 0, 2, 2, 2, 2, 2, 2, 2, 2, 0, 2, 2, 2, 0, 0, 2, 2, 2, 2, 0, 0, 2, 2, 2, 0, 2, 2, 0, 2, 2, 2, 2, 2, 0, 2, 0, 2, 2, 0, 0, 2]}
