{"user": "hpp_25_00_125", "T": 100, "times": [0.2523027189998885, 0.4989066955493834, 0.9025436043499757, 0.9624104017686721, 1.5263576016962435, 1.9985659219148746, 2.148690073696649, 2.3840443095823307, 2.6415156197736724, 2.7588748056647403, 2.9939837833899543, 3.2833663199774734, 3.7024071599202197, 3.7576717717042403, 4.685174060990697, 5.754392745241192, 5.872613046616123, 5.955546159992759, 6.776180888018166, 7.144008876395701, 7.308065003785657, 7.4003886411414985, 8.08874038196352, 8.172684556404999, 8.935946957873243, 9.228386064129701, 9.41401919261154, 9.549198895437017, 10.542580684386161, 10.86450098097441, 10.882718338529276, 11.297801191142975, 11.76871119743804, 11.80381615276506, 11.871482342650413, 12.103391875818426, 12.70035222635731, 13.856134334852346, 14.842582853128057, 14.999970191803895, 15.248343713765621, 15.600793885643956, 15.842602336630419, 16.065906767938213, 16.16671988411005, 16.40329967035019, 17.713625874104903, 17.803650350924677, 18.287380709052236, 18.8139070932707, 18.832591579346097, 19.32388133769538, 19.582681637359435, 20.157269663769874, 20.66962237106506, 20.92496865638158, 21.163238844019617, 21.46316458423536, 21.941678507483697, 22.00531702655303, 22.380530778267556, 22.565620615107076, 22.769931565186685, 23.032711736504066, 23.07559436969886, 23.326371653250554, 23.342808740048454, 23.468135139981104, 23.753095511040666, 23.757406862580442, 24.073798988237893, 24.83784492499252, 25.29756852946025, 25.320693613683506, 25.51539844361476, 25.86338647462832, 26.467864250267265, 26.982186967382756, 27.756566901676248, 27.90876812222601, 28.20057179125135, 28.258396311424434, 28.445013878492162, 29.116227356861, 29.659896431595445, 29.749696965471607, 30.17119500226863, 30.34257391368017, 30.408560097908506, 30.570665074197098, 30.8573860140686, 30.862763291745235, 31.593406295056866, 31.67831689925373, 31.74989461664549, 32.10080274138287, 33.24284345826394, 33.97108851097053, 34.09097939006393, 34.432850496102695, 34.61668851270507, 35.37504270298879, 36.52353562959857, 36.630448224485136, 37.17710514678811, 37.26230283409043, 37.26563743853366, 37.29270477252882, 37.656349715934766, 37.85389322659091, 38.63607394693058, 39.14043352933619, 39.518961341009316, 39.568098783939774, 39.91580051895793, 40.276205609629045, 40.534940006791096, 40.598866278903614, 40.82923127931131, 41.64799793112279, 41.73376138637515, 41.93426602196343, 42.57608770267316, 43.20845711983213, 43.28464548528885, 43.361093278156105, 44.55225324505, 44.60515531514906, 44.617103359690454, 44.78212519078341, 45.071811287747266, 46.54714524122339, 46.99660702961614, 47.15295801911322, 47.342983354827126, 48.884382291688894, 50.01988751430684, 50.476925809212936, 50.506094451690096, 50.596598968145834, 51.33999806384728, 51.67945627826356, 52.519766814594, 52.96919086125985, 53.18561846759136, 54.067058809862246, 54.36816767933888, 54.53320122158979, 55.67268494917564, 55.77727446480874, 56.448916910826284, 56.4687543711395, 56.67700578536598, 57.02897924293846, 57.14801994904894, 57.28140011929585, 58.10830152281449, 58.45685913918538, 58.47046638721811, 58.84261494608257, 58.90389945770855, 59.11932725167422, 59.428656108474684, 59.557212130684306, 59.69501562973658, 59.856415772608784, 59.91426988027976, 60.02872200040765, 60.14694897154386, 60.17799652742528, 60.5204304066162, 60.65655967317521, 60.76416011253044, 60.824346054885346, 61.092377798371324, 61.585223016660024, 61.70546971024984, 61.77551766649297, 62.247591543363015, 62.97278261972727, 63.58078914216566, 63.94422762812196, 64.14360020361491, 64.20090346147292, 64.70144406393318, 65.21867948122625, 65.29473008355622, 65.63455702813687, 66.20040112719364, 66.3031961591175, 66.47396232475703, 66.59276293763537, 66.77941683677984, 66.94118752054125, 67.23175230023814, 67.6366704132599, 67.72156860719822, 68.10210941580314, 68.57471053435586, 68.73939808824916, 69.70719024818088, 69.81720081588738, 71.35090071819364, 72.14464345735931, 72.72453648943724, 72.7571657702056, 72.96901165809227, 73.11013231017928, 73.14614734374955, 73.67941750803224, 73.92601934584637, 74.32640201789442, 74.36047653063984, 74.38002859966885, 74.4328440646416, 74.6187058432549, 74.67797112670134, 74.88016353043392, 75.4073964011051, 75.87817211700076, 75.91813036661837, 76.61889514366733, 76.81726510073662, 76.83210125483203, 77.4753336465509, 77.62872168600055, 77.74365771082034, 77.74464695401903, 78.07840506646968, 78.46244897813932, 78.62094777228275, 78.78876362200603, 78.8702051138879, 78.87100256021687, 79.02391175247752, 79.40758180151543, 79.56152510249332, 79.6251648252024, 80.67454690827499, 80.71992685525858, 80.78076712344489, 81.21799451508483, 81.39128184968006, 82.49976719567002, 82.98173322857714, 83.37763009281237, 83.46033951185713, 83.83849973241476, 83.86296319744967, 84.11651558847008, 84.20605467455742, 84.5101176111481, 84.62770528729776, 84.64462525478869, 85.1824494329593, 85.21806345007367, 85.40779028272799, 85.65531972162619, 86.23811729329698, 87.42751883613028, 87.97616276099443, 88.6865324299345, 89.82448916562123, 90.08538762389972, 90.7129208975388, 90.83454178424758, 91.21370838070635, 91.67908046413731, 92.36515929203838, 92.64082495506064, 92.70951678405264, 92.72980027701232, 93.73106395388501, 94.1799612318065, 94.27234626178222, 94.38372749486714, 94.4498092275037, 94.62285877805857, 94.67820351303828, 95.02662188827772, 95.131127278943, 95.14065688571478, 95.17058656346009, 95.19705720491675, 96.10159192882715, 96.49171675753458, 96.61436082252773, 97.15169530826974, 97.26308402956582, 97.55976305384998, 97.63491898849655, 97.8642660981928, 97.92295440897011, 98.24662762172824, 99.17928384260499, 99.72518143605998, 99.93576072663878], "marks": [0, 0, 0, 2, 2, 0, 0, 0, 0, 0, 0, 2, 0, 0, 0, 0, 2, 2, 0, 0, 2, 0, 0, 2, 0, 0, 0, 2, 0, 0, 2, 0, 2, 0, 0, 0, 0, 2, 0, 2, 0, 0, 2, 0, 0, 2, 0, 2, 2, 2, 0, 2, 0, 0, 0, 0, 2, 0, 0, 0, 0, 2, 2, 0, 0, 0, 0, 0, 0, 0, 2, 0, 0, 0, 0, 0, 2, 0, 2, 0, 2, 2, 2, 0, 0, 2, 0, 0, 2, 0, 0, 2, 0, 0, 0, 0, 0, 0, 0, 0, 0, 0, 0, 0, 0, 0, 2, 0, 2, 0, 0, 2, 0, 2, 0, 0, 0, 0, 2, 0, 2, 2, 0, 0, 2, 0, 0, 2, 0, 0, 2, 2, 2, 0, 0, 0, 2, 2, 2, 2, 0, 0, 2, 2, 2, 0, 0, 0, 2, 0, 0, 2, 2, 2, 2, 0, 2, 0, 0, 0, 2, 0, 0, 0, 0, 2, 0, 0, 0, 0, 0, 2, 0, 2, 0, 0, 0, 0, 2, 0, 0, 0, 0, 0, 0, 2, 2, 2, 0, 0, 2, 0, 2, 0, 2, 0, 2, 0, 0, 0, 0, 2, 0, 0, 2, 2, 0, 2, 0, 0, 0, 0, 0, 0, 0, 2, 0, 0, 0, 0, 0, 2, 0, 2, 0, 0, 2, 0, 0, 0, 2, 2, 0, 0, 2, 0, 0, 0, 0, 0, 0, 0, 2, 2, 0, 0, 0, 2, 2, 2, 0, 0, 2, 0, 2, 0, 0, 0, 0, 0, 0, 0, 0, 0, 2, 2, 2, 0, 2, 2, 2, 0, 2, 0, 2, 2, 2, 0, 2, 0, 2, 0, 2, 0, 2, 2, 2, 0, 2, 0, 2, 0, 2, 2, 2, 0, 2]}
