{"user": "hpp_075_00_0375", "T": 100, "times": [1.7914090540539154, 3.031546616133129, 3.1318083304456588, 3.5217956750840123, 3.9317483050489774, 4.098218494251176, 5.734609521029339, 5.739867149624953, 6.173883099573552, 8.931696540060809, 10.990587627373953, 12.74037488945595, 13.025136924024139, 13.528782626805059, 15.187349672602497, 15.661079465316634, 16.12113099526919, 17.045394274866943, 17.165438881973245, 17.51069891039173, 18.260734389598298, 18.447326360572383, 18.776841126221335, 19.567987352433793, 20.374690165278203, 20.879386332749927, 23.21111557962371, 23.728314687199063, 24.14045099613357, 24.39878444316008, 24.786183610258583, 25.433046417108805, 25.968089686907543, 26.192411365191695, 26.441952760695465, 26.885361399800463, 28.171267026134164, 29.751361709341957, 30.177257010587343, 30.349949638950893, 31.168204766519825, 31.664027200742595, 31.896188206728322, 35.221942486584126, 36.429867986164645, 36.71225062273005, 37.579191373318, 37.7626028210136, 39.781003741041836, 40.34816291413483, 41.14787641836999, 41.61831184869431, 42.77140771809082, 45.30801957024731, 45.53676481160397, 46.357744377097276, 46.48698596370296, 46.864726967556486, 47.60991082429396, 47.92738821654634, 48.05279131948329, 49.273598237440766, 49.355862762644875, 49.50798816593724, 49.75532272655181, 51.48653763071011, 53.04243139181977, 53.25807706883163, 54.24957057269501, 54.263945176896776, 54.79612093250115, 56.23176335876618, 56.451344424020164, 57.024160607370106, 57.970688711143715, 58.88914371223228, 60.23471701516233, 60.309856741745705, 61.80467817573535, 62.700016884332925, 63.4813411730588, 65.26741593184737, 65.99459369844874, 66.19301235781691, 68.96101330778772, 69.07860026553126, 69.17496542237059, 70.08949561587258, 70.15214253505087, 72.06706709756956, 74.36788818348029, 74.42961052379137, 78.21370648195665, 78.63906620641997, 78.75150855156976, 79.4172825775495, 80.18426115064496, 82.73153012584892, 83.40702209436056, 85.1114469071217, 85.26378373963081, 86.13309795138885, 87.09772800638406, 89.00292004586665, 92.50183475841875, 93.12941744958964, 93.37098006493657, 93.64937186242126, 93.66556052959254, 94.7284008225444, 95.6466181528205, 96.04664654994404, 96.29657897940105, 96.69452267380107, 97.09247851904918, 97.44658669853024, 97.5856753464431, 98.37930534177133, 99.41993031942512, 99.84626599539055], "marks": [0, 0, 0, 2, 0, 0, 0, 0, 0, 0, 0, 2, 0, 0, 2, 2, 2, 2, 2, 2, 2, 2, 0, 0, 2, 0, 2, 2, 2, 0, 2, 0, 2, 0, 2, 0, 0, 0, 0, 2, 0, 2, 0, 2, 0, 0, 2, 2, 0, 0, 0, 0, 2, 0, 0, 2, 0, 0, 0, 0, 0, 0, 2, 0, 2, 0, 2, 2, 0, 2, 0, 2, 0, 0, 2, 0, 0, 2, 0, 0, 2, 0, 0, 0, 2, 0, 0, 0, 0, 2, 0, 0, 2, 2, 2, 0, 0, 0, 0, 0, 0, 2, 0, 2, 0, 0, 0, 0, 2, 0, 0, 0, 0, 0, 0, 2, 0, 0, 2, 0]}
