{"user": "hpp_125_00_25", "T": 100, "times": [0.528641135177217, 1.3042887440396975, 1.4914445052590408, 1.6975383323172495, 1.863563665455401, 2.2017650246655682, 2.6953796228019358, 2.8232190394931775, 3.3873038297472053, 3.7023143759044124, 3.8601218668352475, 4.5551047892019865, 4.61636471647161, 4.635779550358586, 5.375772742905173, 5.480707495534642, 5.807344628653027, 6.20177710456419, 6.760114268908061, 6.923813958660642, 6.984625055946984, 7.54212764796848, 7.881615269281983, 8.08647349769755, 8.12175338866873, 8.298029195676342, 8.647750456031385, 8.652505071326107, 8.788534692889018, 9.350019275792375, 9.688060750785333, 10.29890544011635, 10.541743828713326, 10.583447242125258, 10.74779791966272, 10.846198105174519, 10.995686056120158, 11.032787841507595, 11.107678488498205, 11.14600876749736, 11.531303646466922, 12.0965453101746, 12.16329116877723, 12.566030405601477, 12.577027853469962, 12.961652116860463, 13.796335073557398, 14.649665030041067, 15.723582755315446, 15.7609976967272, 16.44951376048966, 16.734200685366154, 16.946538898959222, 17.818183627363037, 18.80747977335701, 19.350242515632573, 19.75642764272342, 20.254402629031947, 20.863457450339407, 21.119737001286012, 21.648422451543656, 21.765589837713584, 21.841714647609965, 22.1387349150516, 22.58588991040677, 22.990890934620815, 23.065732080187942, 23.070029459054386, 23.441011377025276, 23.73319242671033, 24.042407581278496, 25.16433186908393, 25.683807210453885, 26.168111272237216, 26.897331170268153, 27.110569026364352, 28.11340580290626, 28.19867176734384, 28.793337551629133, 29.095618166654194, 29.266504888832852, 29.343143286809422, 29.986726113108784, 30.129166432963853, 30.42214829496087, 30.851402912984145, 31.0586762735017, 32.168058278158874, 32.52005291389856, 32.55751723234627, 33.042169370518984, 33.13805353522116, 33.16471503033012, 33.32098406296128, 33.48857941230623, 33.96157330370234, 34.506225605744525, 35.086937127150556, 35.6668712861726, 35.89526062534768, 35.92805284994835, 35.96809846000051, 36.614975397875284, 36.63290829786881, 37.01709253881799, 37.086993415717444, 37.09044552100495, 37.323697285819485, 38.02706336765916, 38.146088168929374, 38.33763557337178, 38.45484937064772, 38.6600547712033, 39.191433278198076, 39.39281479377708, 39.6616172126307, 39.927897696732344, 40.4719899454089, 40.498579685776676, 40.77018775119986, 41.229322492889274, 41.80547439749097, 41.883086444114525, 41.8909678398915, 41.8982325970716, 42.32918497320987, 42.562820794766424, 42.618739305389695, 42.79371062636329, 42.89360872397551, 43.08698001950246, 43.2659565872111, 43.33346941128643, 43.422171882777285, 43.72309894061996, 44.13902043019328, 44.378340450171294, 44.9645597921486, 44.97411166663732, 45.64221448688646, 46.01941475704894, 46.294437738581706, 46.806266301945584, 46.91815320164639, 47.71253593531526, 48.19257598004362, 48.85666348288241, 48.87378648572933, 49.424103368642776, 49.46633742966609, 49.9905800773036, 50.513981193835676, 50.79924137610039, 50.816164533368486, 51.81305620795174, 51.851740364816344, 52.262312126064536, 52.3965395714507, 52.76049458867212, 52.81759696709105, 52.86697884557004, 53.010460072516466, 54.07216887496568, 54.160839409964495, 54.292798819661634, 54.41096998807545, 54.548623982643235, 54.82216275178643, 55.13797073642112, 55.174507889741975, 56.80539927557812, 57.16084721849848, 57.58774943777348, 57.712120080807495, 59.07636118125193, 59.24538798009149, 59.61461009512291, 59.62310799045639, 59.71638778948165, 59.812345523157276, 59.828056760917235, 60.14757517915894, 60.47699851341259, 60.691952944165564, 60.78464109251424, 60.82370970408698, 60.92375973410098, 60.941145007003655, 60.969013911914, 61.29929509242094, 61.44211971363357, 61.49009557109576, 61.72741043840593, 62.93493954350148, 63.19452246839848, 63.79758693049292, 63.984780730288946, 64.12928272090926, 64.17865406650584, 64.17959617283917, 64.3717774755375, 64.81917943993085, 65.105024999529, 65.21084951191453, 65.5028562349628, 65.98739459548563, 66.03679458365752, 66.32574521029976, 66.41496166833552, 66.52445077513094, 66.63100461894156, 66.99734754028603, 67.36021764740184, 67.58292156570269, 67.79588605441992, 67.83794524698385, 67.86321699259753, 68.00795520092693, 68.42871270978056, 68.99323648884376, 69.13743185480556, 69.69729831435153, 69.70319519307407, 69.7384709895797, 70.03669870194449, 70.38028238730901, 70.4458467664448, 70.97720405059793, 71.29422937399325, 71.34778130580754, 71.64083756730344, 71.72135272546272, 72.12213106603136, 72.46001554568478, 72.91924394335015, 73.0377214947153, 73.17183295115105, 73.31621522314958, 73.45753777898915, 73.45877819166651, 73.6622432088286, 74.14376472488568, 74.70265387077289, 75.47794096357212, 75.5837014315216, 76.02461487299308, 77.30643017437046, 77.39566326547519, 77.55673731063635, 78.17881938568853, 78.50568946897575, 78.92732775605519, 78.93631719096724, 79.08211029779174, 79.34400144308907, 79.70972616461178, 79.8221327650797, 79.8709296134757, 80.10698621429083, 80.22569709284427, 80.73499325656782, 80.81359525572907, 81.16401658983324, 81.90009944942116, 82.09725726777924, 82.24775402030686, 82.28085356432874, 82.50718649944315, 82.5168415997898, 82.6216418933538, 82.70483729743945, 82.8560400848341, 83.06821254329287, 83.15926873277863, 83.83674570038633, 84.80565021951266, 85.21543318618056, 85.4715861609741, 85.90056534118666, 86.53383923754468, 86.70260717439932, 86.82454789684556, 86.9420072465097, 87.7459698391254, 87.75744545889343, 87.93816272802256, 87.98111682226896, 88.39198691218463, 88.46631233295115, 88.85716912783084, 89.2001543339195, 89.3288564892735, 89.9654835982218, 90.09880043167252, 90.1926137100338, 90.3829597384438, 90.46540452628248, 90.78457535464074, 90.8805245376675, 91.07724115518788, 91.64530668860985, 91.77041942982302, 91.86490778800133, 92.08291890646703, 92.61037159912345, 92.90924437617069, 92.9770492317373, 93.07416480806198, 94.09524794322523, 94.35497969206715, 94.90399156034147, 94.90597210725188, 95.08600973380398, 95.22217146196118, 95.29569765461633, 95.32849209372219, 95.9250078862756, 96.01373805197011, 96.25353837503084, 96.63608268526136, 96.8884761155299, 97.04528887412272, 97.28466165933081, 97.84241525257403, 98.18180667637718, 98.21545175527376, 98.37568157360916, 98.57489199833627, 98.66017762574373, 99.42375038075963, 99.50114789101345, 99.51186060531546, 99.53110294128045, 99.73462263327323], "marks": [2, 2, 2, 2, 2, 0, 0, 0, 2, 2, 2, 0, 2, 2, 2, 2, 2, 2, 2, 2, 2, 2, 2, 2, 2, 2, 0, 2, 2, 2, 2, 0, 0, 2, 0, 0, 0, 2, 0, 0, 2, 2, 2, 2, 2, 0, 2, 0, 0, 2, 2, 0, 2, 2, 0, 0, 2, 0, 0, 2, 0, 2, 2, 2, 2, 2, 0, 0, 2, 2, 2, 2, 2, 2, 0, 2, 2, 2, 2, 2, 0, 0, 2, 2, 2, 2, 2, 2, 2, 2, 2, 2, 0, 0, 0, 2, 2, 2, 2, 0, 2, 2, 2, 2, 2, 0, 2, 2, 2, 0, 0, 2, 2, 2, 0, 2, 0, 0, 2, 2, 2, 2, 0, 2, 2, 0, 2, 0, 2, 0, 0, 2, 2, 2, 2, 0, 0, 2, 2, 2, 2, 0, 0, 0, 2, 0, 0, 2, 0, 2, 2, 2, 2, 2, 2, 2, 2, 0, 0, 0, 2, 0, 0, 2, 2, 0, 0, 2, 0, 0, 0, 2, 2, 2, 0, 2, 0, 2, 2, 2, 0, 2, 2, 2, 2, 2, 2, 2, 2, 2, 2, 0, 2, 0, 0, 0, 2, 0, 2, 0, 0, 2, 0, 2, 0, 2, 2, 2, 2, 2, 0, 2, 2, 0, 0, 0, 2, 2, 0, 0, 0, 2, 2, 0, 2, 0, 2, 2, 2, 2, 2, 2, 2, 2, 0, 2, 2, 0, 2, 2, 2, 0, 0, 2, 2, 0, 2, 0, 2, 0, 2, 2, 2, 2, 2, 2, 2, 2, 2, 2, 2, 2, 2, 2, 2, 2, 0, 2, 2, 0, 2, 2, 2, 0, 2, 2, 2, 2, 2, 2, 2, 0, 2, 2, 2, 2, 0, 2, 2, 2, 2, 2, 2, 2, 2, 2, 2, 2, 2, 2, 2, 2, 2, 2, 2, 0, 0, 2, 2, 2, 2, 2, 2, 0, 2, 2, 2, 2, 0, 2, 2, 2, 2, 2, 0, 2, 2, 0, 2, 2, 2, 2, 2, 2]}
