{"user": "hpp_00_075_0375", "T": 100, "times": [0.8752602183530165, 2.114199798584847, 2.253022075518048, 2.9859737034176916, 3.2035595411680458, 4.921149438796274, 5.467773484593762, 5.803434658889767, 6.838611160246316, 6.842891348952005, 9.367048477839845, 10.550404192726646, 11.34537645438039, 12.25668534220915, 12.301365913354974, 14.61677391626654, 17.96206761169034, 18.809360922402185, 19.247001297071346, 20.015720329564378, 20.20666728987757, 20.423801653111468, 22.31298825315322, 23.865697493240766, 25.254074214464623, 25.28090671669989, 25.521390063132316, 26.123098674876513, 27.055293621835116, 28.526707912356684, 29.756435177743345, 30.415769145172153, 30.918562790885264, 31.985568612137257, 33.145657327414874, 34.08565701886473, 36.02432127715292, 36.920626312124064, 38.713560962100274, 42.916317210792606, 43.715082496281305, 44.264107016064635, 45.22826675369284, 47.707285948524394, 48.103730378623275, 48.3562917348128, 49.39716884750448, 50.37929246632032, 52.253911092936924, 52.38197087214299, 53.98219010318124, 54.34428426789518, 54.62333550456282, 55.67145787578873, 56.328322490476154, 56.35208361175635, 56.77199329831409, 57.30200692273025, 57.845669157617664, 58.30760153709916, 59.29430254386938, 61.33895289259895, 61.87230613517731, 62.93345372446021, 64.50097309337376, 65.58082085478111, 66.91252288187724, 68.36277745433691, 68.7455522064014, 70.77145138173543, 70.79823348885972, 72.98802096570856, 76.49492879098926, 76.87686824003578, 78.71655926036804, 81.34533075503128, 81.48096192724684, 81.65592601781515, 81.75747828973168, 82.59500963743817, 83.47242048763125, 83.55809007434122, 83.86604998290663, 84.2126202993238, 84.60397601027435, 85.6362437609028, 85.64090618951548, 86.11947563988913, 86.2780855228742, 86.57648647419978, 87.83679168140706, 88.8715693614264, 89.92440225781259, 90.28405981372374, 90.8081661188262, 93.28369251082648, 93.49756665199823, 93.99194128232703, 94.78857730019895, 96.61092841123434, 96.80958765704793, 98.46241575671351, 99.13190894938155, 99.94859003200895], "marks": [1, 1, 2, 1, 1, 2, 2, 1, 1, 2, 1, 2, 2, 2, 1, 2, 1, 2, 2, 1, 2, 2, 1, 1, 2, 2, 1, 2, 1, 1, 1, 1, 2, 2, 2, 1, 1, 1, 2, 1, 1, 1, 1, 1, 1, 2, 1, 2, 1, 1, 1, 2, 1, 2, 1, 2, 1, 1, 1, 1, 1, 1, 1, 2, 2, 1, 1, 2, 1, 1, 2, 1, 1, 1, 1, 1, 1, 2, 1, 1, 1, 1, 2, 1, 1, 2, 2, 2, 2, 2, 1, 1, 1, 2, 1, 1, 1, 1, 1, 1, 2, 1, 1, 2]}
