{"user": "hpp_00_10_05", "T": 100, "times": [0.888685751933374, 1.9855156761552533, 2.444129515560545, 3.3835327243107614, 3.8205260004005384, 4.093642585520189, 4.210099258301317, 4.493984207668277, 4.5472081408922245, 5.4105344981502, 5.510353459345975, 6.83714722001009, 9.09225600844634, 9.123579094855042, 9.200387877465836, 10.232264976021819, 10.93139971936053, 10.932083494363983, 10.971063176571848, 11.636125739143825, 11.692832301816205, 13.035697735519188, 13.04991677348221, 13.078268831819948, 13.713603524320494, 14.095440795257451, 15.146167191356179, 15.160222474830764, 15.482144295535917, 15.908791543299573, 16.123846861749378, 16.37129387767274, 16.57264593257108, 17.406581773787718, 17.622896103514503, 17.963592645695165, 18.82487370173111, 18.916086314708256, 19.451209497384426, 19.866683345864253, 20.705905902751102, 23.47260527034749, 23.62520299885222, 25.590389403624656, 27.429050172638906, 28.03685521479713, 28.683596480798613, 28.84416436158457, 28.910872824315632, 29.398938817974592, 29.407455847565863, 30.66054908940412, 31.157555283953545, 33.00943010255233, 33.23875231810051, 33.75534934584173, 34.20217188497533, 36.236377497685595, 37.31789637146106, 39.025762757943035, 39.989413987720255, 40.66302699539467, 41.37303788693964, 41.544858225997515, 42.31352343454664, 42.7681543765121, 43.127194542418216, 44.22586441835414, 44.88400657108306, 45.12612882650064, 45.214739853833485, 45.2578172644135, 45.64620134985105, 45.684610525040206, 46.14081125693201, 46.2163376098929, 47.19498220604452, 50.15381523328604, 50.25329653523903, 51.23073756799313, 51.97669184856811, 52.27447683487581, 52.40392120972209, 52.474367757735, 53.16770777829098, 53.46304302402387, 53.777569240151244, 55.9637998358902, 56.90487487739237, 57.311984612045876, 57.72374145212474, 57.84942775677332, 58.19188878317594, 58.400090830742606, 58.89009726419669, 59.92999098721788, 59.98811021096469, 63.066279878018946, 63.85483884412586, 64.33460143183852, 65.41089697224938, 65.74975228118596, 66.16508684965235, 66.51312256231111, 66.82738088574361, 68.26518521207468, 69.32331400558037, 69.55562323834651, 69.82628675455669, 71.33601439399204, 73.60773249293995, 74.25740891247445, 75.2560988202321, 76.12426596672168, 76.78297234736998, 77.42359142506726, 77.86065332170989, 78.54449253807893, 81.04926978662463, 81.05775684847276, 81.89848221707462, 83.65406732106432, 84.65400262894285, 85.83847222350923, 86.58628511446037, 86.92368489058528, 88.8266166076326, 90.44682141935287, 90.89119099213463, 91.09013349666164, 91.09470374150837, 91.45611245375194, 91.61881153306248, 91.73776938963954, 92.54242741971528, 95.35529868114955, 95.48621165119228, 95.61259259653906, 95.64688265296049, 95.81029497340826, 96.71820920025593, 97.09814935419072, 97.5150377161328, 97.65335698566084, 98.41059378382867], "marks": [2, 2, 1, 1, 1, 1, 1, 1, 1, 1, 1, 1, 1, 2, 1, 1, 2, 1, 2, 2, 1, 1, 1, 2, 1, 2, 2, 1, 1, 1, 1, 1, 1, 2, 2, 1, 1, 2, 2, 2, 1, 2, 1, 1, 2, 1, 1, 1, 2, 2, 2, 1, 1, 1, 1, 2, 1, 2, 2, 2, 2, 2, 1, 1, 1, 1, 1, 1, 2, 1, 2, 1, 1, 1, 1, 1, 2, 1, 1, 1, 1, 1, 1, 2, 1, 1, 1, 1, 1, 2, 1, 1, 2, 1, 2, 2, 1, 1, 1, 1, 1, 2, 1, 2, 1, 1, 1, 1, 1, 1, 1, 1, 2, 1, 1, 1, 1, 1, 1, 1, 2, 2, 1, 1, 2, 1, 1, 2, 1, 2, 1, 2, 1, 2, 1, 2, 1, 2, 1, 1, 1, 2, 1, 2, 1]}
