{"user": "hpp_00_1125_00", "T": 100, "times": [0.22117681598442498, 0.8667036822519034, 2.0626859950878726, 3.4045405056689786, 4.409538651968683, 4.581377764347534, 4.694690494334561, 5.183613886271704, 5.503282701858314, 7.415630536168297, 7.7268430347336485, 8.266853140159574, 8.421681367658556, 9.114447295010088, 9.174786161754918, 10.484557733920996, 10.501367731181297, 13.001273231304335, 17.19057425044211, 17.870842049049987, 18.960878620299898, 19.607796512460414, 19.88122171671351, 20.55653239286076, 21.5175289039287, 21.746091056802104, 22.05819320049933, 23.029843753940078, 23.195866017502617, 24.579979725391297, 26.44430470826673, 27.924699540599203, 28.28022475381592, 28.58336067074026, 28.823014671976154, 29.57393288000108, 30.073114362342217, 30.90560500413218, 31.30475380787171, 31.332081561737684, 31.77603007353263, 33.57539475183788, 35.26989387541549, 35.500178120077685, 36.80807526583803, 37.8471556959149, 38.94318109679929, 41.71492951708929, 41.90810835508167, 43.15198343332426, 46.563260140687355, 46.8472849373032, 49.366684461587106, 50.52494973000001, 51.026658299486165, 51.523497677594705, 51.8019622698619, 54.103151245330594, 54.68612006230733, 55.19487015472989, 56.41896969057188, 56.93503608926616, 57.729617935417835, 57.746198482117684, 59.291014874191085, 59.441673883774975, 59.74809324191324, 60.65312563391534, 60.857668284726245, 61.70870347496714, 65.05289303263484, 65.31334419450528, 65.31652875353767, 65.46138612325944, 65.53773990838128, 65.89123036790507, 68.55620841600492, 70.31240209364589, 74.29619570793542, 74.55643862577945, 75.00297240980653, 76.90863347861841, 78.11840463796825, 78.19183591497656, 78.64011800919371, 78.78709324336018, 79.4156346033211, 80.1671044805892, 81.95380517925489, 82.38120098580943, 82.4543859338207, 82.48559870794688, 82.65869433823394, 82.70938680259178, 84.62533545429578, 85.57288192545072, 85.68159565771484, 87.04844059088465, 88.06958163751818, 88.38267961966028, 90.74684600989912, 91.291690689541, 92.49819280027828, 93.47878400260042, 93.64163634421399, 95.24417700724047, 97.30569594895873, 97.54311925498915, 97.57290106859267, 98.05901862464869, 98.59636396756005, 99.6142144936441], "marks": [1, 1, 1, 1, 1, 1, 1, 1, 1, 1, 1, 1, 1, 1, 1, 1, 1, 1, 1, 1, 1, 1, 1, 1, 1, 1, 1, 1, 1, 1, 1, 1, 1, 1, 1, 1, 1, 1, 1, 1, 1, 1, 1, 1, 1, 1, 1, 1, 1, 1, 1, 1, 1, 1, 1, 1, 1, 1, 1, 1, 1, 1, 1, 1, 1, 1, 1, 1, 1, 1, 1, 1, 1, 1, 1, 1, 1, 1, 1, 1, 1, 1, 1, 1, 1, 1, 1, 1, 1, 1, 1, 1, 1, 1, 1, 1, 1, 1, 1, 1, 1, 1, 1, 1, 1, 1, 1, 1, 1, 1, 1, 1]}
