{"user": "hpp_00_125_25", "T": 100, "times": [0.756667428504486, 1.0963567875705864, 1.142234914594581, 1.3621007667907414, 1.4883837018522708, 1.781426701622315, 2.024910955325442, 2.4590466308907737, 2.5155973442901556, 2.6278570431155432, 2.9038173455365985, 3.445226181659824, 3.703057785205016, 3.814922614168266, 4.034949460326112, 4.160321853374452, 5.152239842147006, 5.212494873791388, 5.932183159941465, 6.22254115567023, 6.614105725353381, 6.872030034877431, 6.940795836092725, 7.123189451347786, 7.387982158328469, 7.5186466050510585, 7.58429591169884, 8.140617798209567, 8.554840919872476, 9.445742398288626, 9.795468418219992, 10.633381855707809, 12.316196054868996, 12.556496975586626, 12.924505101153933, 12.979862907668588, 14.71128064811778, 14.87477493146283, 15.036703837549434, 15.128231092371939, 15.24972674824912, 15.642377392937902, 15.786986765148402, 15.827108841380667, 15.922715725791937, 15.943775644671485, 16.380613212628973, 17.045600731248612, 17.39296544269505, 17.455704207987907, 17.597975911125562, 17.605107051821236, 17.6660595055047, 17.67986451198444, 17.70178024879302, 17.7894606513109, 17.821940079119084, 18.70596165101671, 19.18729165444217, 19.32870427279682, 19.625158242364186, 19.67803869206409, 19.74781843385884, 20.04901113225864, 20.078197162104853, 21.09442217741098, 21.503308459948226, 21.757200490805477, 21.86338623266, 22.200941635074493, 22.515831735543074, 22.99614950872746, 23.18294557178942, 23.929187141955737, 24.15702662991426, 24.25319864007534, 24.25706998136582, 24.39226126323118, 24.44942131234195, 24.540333333224517, 24.62957142019048, 25.226050445352687, 25.419089212365492, 27.06616051893553, 27.384117647346685, 27.54304295145946, 27.671309883178743, 27.867262634457074, 28.340055459100366, 29.191627269753482, 29.614646102131463, 29.621906970306075, 29.88365179755033, 30.312812390608322, 30.32109954305906, 30.55264079500225, 31.078713466887294, 31.292690082903427, 31.691561355076324, 31.84756126202887, 32.759731840302685, 32.96458300594758, 33.07810986492152, 33.65100642558229, 33.66495387382617, 34.045846581102396, 34.192351619446846, 34.49408691750191, 35.16263762226375, 35.31204012618056, 35.451032745740186, 35.599166977775795, 35.66591529839046, 35.87025887410195, 36.15475920452316, 37.95107850812053, 38.276087865160925, 39.1894938703278, 39.546416954789244, 39.714180339447324, 39.95034606947085, 40.06628758709581, 40.400210628647045, 40.95830357332933, 41.009894841985826, 41.895609019194225, 42.48991525225556, 42.49050458477496, 42.66569600967426, 42.97084571646115, 43.68125436544745, 44.15122769911149, 44.24561119542367, 44.46190373485439, 44.53685887371833, 45.94473385288894, 46.368963320006614, 47.075571038033495, 47.748233378484336, 48.293889219147445, 48.845562476993486, 48.95277487740126, 49.54159200439943, 49.64713044952076, 50.297677480400296, 50.31224838015153, 50.73831440747656, 50.852475596155664, 51.81424562640571, 52.01663072434255, 52.05330671948417, 52.264890284279495, 52.40368864803668, 52.601352980206684, 53.50394991713837, 53.780092608582564, 53.85354442479841, 53.91311716053369, 54.06578711614574, 54.31507141927325, 54.5084526680378, 54.993152768481366, 55.13499341416905, 55.57832876795272, 55.580661550810554, 56.3596964673767, 56.54312886368128, 57.13497117633205, 57.30038968063264, 57.38736363173667, 57.497812805649005, 57.67145737630531, 57.795700086129216, 57.98574595093642, 58.68394846116017, 60.31632495552152, 60.56133434242073, 61.42179025816729, 61.6526496463028, 62.048171314382394, 62.31984319771877, 62.842071047459974, 62.866325275359564, 63.11592424907361, 63.20145783754804, 63.299986315372344, 63.64248744411637, 64.14836300637754, 64.77060588211596, 64.92143050150119, 65.31271999376196, 65.79821853273454, 66.21391461673812, 66.2939085325466, 66.7446883340155, 67.00933810911978, 67.16896333748818, 67.2927043383253, 68.25454256582036, 68.34686695538063, 68.38019329146918, 68.51265810243109, 68.54268274285967, 68.60316785068743, 69.11157915086253, 69.75484753823422, 69.8465807555318, 69.85477209222513, 70.28150252652333, 70.35086960380461, 70.40908925518809, 70.46278828108936, 70.91067429125684, 71.13245632877658, 72.7789995533268, 72.78660188436324, 73.11093779537293, 73.12989091471427, 73.60048461990058, 73.63355248897766, 74.17879606877656, 75.21532893893938, 75.48901527274384, 77.07439964368679, 78.9551381851884, 79.05221354199642, 79.49516727122337, 79.5725317714869, 79.72923483380234, 80.26496084618121, 80.26921185828026, 80.48748988478397, 80.57444352840777, 80.9393961384473, 81.41926350737938, 81.51926650575035, 82.37388649886566, 83.38772121949148, 83.41483184431712, 83.6326333641326, 83.85378070396389, 84.10621815089324, 84.19918431252277, 84.35939554486022, 85.54555462906985, 85.56572796143867, 85.82715074317726, 86.14386601079593, 86.81881274158586, 87.01220567463781, 87.45585107852635, 87.56712175885383, 87.78002516958442, 87.81509472290678, 87.83171006666015, 88.45623882603215, 88.59906676932685, 89.12182389569655, 89.3619605182992, 89.38797637355549, 89.490989715267, 90.11133102717707, 90.39038892913601, 90.5114760889569, 90.55497531731066, 90.74486959524401, 90.93258049459891, 91.01953337980255, 91.17622031778545, 91.70550249303069, 91.93952206172023, 92.44971728922361, 92.71070327128001, 92.86408013302928, 92.89207039376019, 93.54007533203699, 93.89348426527567, 95.00472557027803, 95.05983063197006, 95.2247328129208, 95.32511103948939, 95.74686264871835, 96.43728562068986, 96.45927141630054, 97.2216641325784, 97.38007307051626, 97.42157924599087, 97.92208311486513, 98.29267946661489, 98.72626442945067, 98.86173647262623, 98.95775155435341, 99.34781726246231, 99.45622594741904, 99.47761507458189, 99.6068813336178], "marks": [1, 1, 1, 2, 2, 2, 2, 2, 1, 1, 2, 1, 1, 2, 1, 2, 1, 2, 1, 2, 2, 2, 2, 1, 2, 2, 1, 1, 2, 2, 1, 2, 1, 2, 2, 1, 2, 2, 1, 2, 1, 2, 1, 2, 2, 2, 1, 2, 2, 2, 2, 2, 2, 2, 2, 2, 1, 2, 2, 1, 2, 1, 1, 2, 2, 2, 2, 2, 1, 2, 2, 2, 1, 2, 1, 2, 2, 2, 1, 2, 2, 1, 2, 2, 1, 2, 1, 2, 2, 2, 2, 1, 2, 2, 2, 1, 2, 1, 1, 2, 1, 2, 2, 2, 1, 2, 1, 1, 2, 2, 2, 2, 2, 1, 1, 2, 1, 1, 2, 2, 2, 1, 2, 1, 1, 2, 1, 2, 1, 1, 2, 1, 2, 2, 2, 1, 2, 2, 1, 2, 2, 2, 2, 1, 2, 1, 2, 2, 2, 2, 1, 2, 1, 2, 2, 2, 1, 1, 2, 2, 2, 1, 1, 2, 2, 2, 2, 1, 2, 1, 2, 2, 1, 1, 1, 2, 2, 2, 1, 2, 2, 1, 2, 2, 2, 1, 2, 2, 2, 1, 2, 2, 2, 1, 2, 1, 2, 2, 2, 2, 1, 2, 1, 2, 2, 2, 2, 2, 2, 2, 1, 2, 2, 1, 1, 1, 2, 1, 2, 2, 1, 2, 2, 2, 2, 1, 2, 2, 2, 2, 2, 1, 2, 2, 2, 2, 2, 1, 1, 2, 1, 2, 2, 2, 2, 2, 2, 2, 1, 2, 1, 2, 2, 1, 1, 1, 2, 1, 2, 2, 1, 1, 2, 2, 1, 2, 1, 1, 2, 2, 2, 2, 1, 2, 2, 2, 1, 2, 2, 1, 2, 2, 2, 2, 1, 2, 1, 2, 2, 2, 1, 2, 2, 1, 2, 2]}
