{"user": "hpp_0375_00_075", "T": 100, "times": [0.005414855886272951, 1.1345810152274276, 1.5479520515675704, 3.8135934949186834, 3.9326929174565635, 4.551330202263951, 5.226598054680944, 5.229410757983333, 5.469739294717756, 5.998071582899322, 6.639814214810071, 7.769197396797802, 8.467320508354621, 10.167729415673103, 11.284920448762277, 12.695238578250253, 12.929084700374474, 15.306093321239912, 15.311569435780568, 15.769079418426328, 20.63727961112541, 20.71906274120656, 22.194545887762786, 22.499147752049183, 22.556238477753347, 24.76726949156304, 25.76970035732585, 25.84154184050153, 26.63440319990015, 26.720257726929333, 27.984938376492778, 28.43910504956464, 28.693378814591014, 28.831614160321674, 29.459622869994533, 30.926440385871988, 31.24982900613332, 31.573060348107592, 32.35093005746629, 32.363958282075835, 33.34564445199686, 34.5277249868619, 39.829505504724054, 39.99055632947488, 45.48325629945221, 45.69613808889588, 46.453229998203135, 47.08952534544161, 47.74228935295729, 48.08102624281411, 49.67542417194089, 49.83366989658086, 51.42463790628982, 51.42626618391232, 51.96487673151554, 54.82080412500489, 57.148495877126926, 59.62778304783719, 61.38624316080559, 62.23273312563356, 62.684021585515666, 63.439738281490406, 64.11015483142637, 64.86150229133952, 66.051506430538, 66.60263733334642, 67.3774020785565, 67.62872742259756, 68.69593211619463, 70.38423522218355, 71.08219132946054, 71.49673425033183, 71.8015689526136, 71.8032254896899, 72.64949291563504, 72.84254466797297, 72.86422380767473, 78.91952726221778, 79.26086623888264, 80.34360723960197, 80.96356451592656, 84.06424284262764, 84.93320450166883, 85.28421083181395, 85.5031567312743, 86.26261236534712, 86.90600248690745, 86.99827114042223, 93.84297926142722, 93.96515401489084, 95.45720337600831, 96.92894831556157, 97.55878165373485, 97.79618238981173, 98.5963109388144, 98.76464651461362, 98.8719024812327, 99.22041704127444], "marks": [0, 2, 2, 0, 2, 0, 2, 0, 2, 0, 0, 2, 2, 2, 2, 0, 2, 2, 2, 0, 0, 2, 2, 2, 2, 0, 2, 2, 2, 2, 0, 0, 2, 2, 2, 2, 0, 2, 2, 2, 2, 2, 2, 2, 2, 0, 2, 2, 0, 2, 2, 2, 2, 2, 2, 0, 2, 2, 2, 2, 0, 0, 0, 2, 0, 2, 2, 2, 0, 2, 2, 2, 2, 2, 2, 2, 2, 2, 2, 2, 0, 0, 0, 2, 2, 0, 2, 2, 0, 2, 0, 0, 2, 0, 0, 2, 2, 2]}
