{"user": "hpp_00_00_375", "T": 100, "times": [0.23664796312440697, 0.24721714994840988, 0.3055646569872793, 0.5455428040272157, 0.5728244906667666, 1.0627648251828987, 1.2069197409535515, 2.3662978619456236, 2.4045963443719827, 2.428449834218758, 2.877593103695872, 3.999832800267793, 4.708375406820062, 5.633278773689494, 6.4285401005813165, 6.455094745739149, 6.497833904171995, 6.841614495668939, 7.173565708705267, 7.214964221904306, 7.360886085010293, 7.972092974890767, 8.137929519160158, 9.102918424225209, 9.453868346375604, 9.679701744420186, 9.827864676088092, 9.903820171556934, 10.622150682632183, 10.824664044610243, 10.949144704243572, 11.03175833435754, 11.604670594246663, 11.840056283062035, 11.961104869395573, 12.705194763255115, 12.965715225647465, 13.038935581266884, 13.04357116180459, 13.206143437949653, 13.225791036841004, 13.292050976624243, 13.377002074890996, 13.676542839927873, 14.592758232840955, 14.936655023958167, 15.098017032494207, 15.451626806835067, 15.927740243393604, 15.928345744125306, 16.040753896960712, 16.444021093806416, 16.67583956530638, 16.979839384677888, 18.328043060120606, 18.54077217766792, 18.602099578811426, 18.76182839877447, 18.876653145856775, 18.963977294780076, 19.09838104561603, 20.789947707016314, 20.828515951383984, 21.238231080264843, 21.501172950959937, 21.609404054811925, 21.68666280209366, 21.961579539899024, 22.12926216535324, 22.679791463416677, 22.827582316198484, 23.15478635663645, 24.33637732297006, 24.99204548818408, 26.378595891753957, 26.422078222457646, 26.53946122057891, 26.745720886594643, 26.808445156965764, 26.923694620512595, 27.493961057405908, 28.42096405830737, 28.87826868917052, 29.097262594648683, 29.133637731176393, 29.280618602981875, 29.339036846021948, 29.67742065494822, 29.711041659310293, 29.857069359380134, 30.13509904727498, 30.257787204036376, 30.316671025815545, 30.352312323264638, 30.46799308004967, 30.866661957158133, 31.04840807880769, 31.187699392424637, 31.199723118377097, 31.562856869853263, 31.636122581053602, 32.02486249992188, 32.65627281513258, 33.01216593448668, 33.72962924572523, 33.89889028732852, 33.93485619177716, 33.9627224840233, 34.00650780191367, 34.05603495265289, 34.2363913125696, 34.26707327500746, 34.4631118772043, 34.52586422605885, 35.11110037963901, 35.288900836498804, 35.29280577163701, 35.48760362488222, 35.87656297547655, 35.90578507295676, 35.95326802701678, 36.09209149652073, 36.253478445095766, 37.23495679838313, 37.38886864561248, 38.936388990790874, 39.03958682723851, 39.46740382308259, 39.57899409706517, 39.68588953569164, 40.0994235041811, 40.11180054934819, 40.956768760170135, 41.66880164644253, 42.40690961423948, 42.54524957536596, 42.669764484151706, 42.78131015824369, 42.79741503318088, 42.90339966744784, 43.119439574367256, 43.21627321270382, 43.35563138550351, 43.35968824421714, 43.491968520305456, 44.04155370027703, 44.564459167127126, 44.60604586659258, 45.182688885841074, 45.94587855291771, 46.28338603724251, 46.40450484792531, 46.60356565100412, 46.977992105635956, 47.217517414636426, 48.066840834941026, 48.43066392632035, 48.564849550478435, 48.5690862210066, 48.744419944694414, 48.804274542185894, 48.84861239225011, 49.41597808703332, 49.44547377394052, 50.85245872097736, 51.0229540648774, 52.05517063203982, 52.222996618834756, 52.45226799576052, 52.46359062984257, 54.04110551192159, 54.515477298728804, 54.56748447699919, 54.7955796938399, 55.15209178721566, 55.657278082862874, 56.684527132131734, 56.86812736253446, 57.175027174260535, 57.26336999458194, 57.27487393800498, 57.50907480402136, 57.607959749762344, 57.69880750565036, 58.01109438328879, 58.48514300243842, 58.626142796456925, 58.846084176267254, 59.2527704895755, 59.285832728064236, 59.3342789257085, 59.44463454347661, 59.55326400460091, 60.4268913992738, 60.49528084084576, 61.061701741357275, 61.06666291850041, 61.65035052072127, 62.63661445595854, 62.733604615419495, 62.8426876150063, 63.00818140842992, 63.38733792643001, 63.6212305036095, 63.78058247066436, 64.5128067539819, 64.67289669294962, 65.71423254913736, 66.0379271527143, 66.13124500128065, 67.01246768800753, 67.33120189944691, 67.78144912901986, 67.80384113747944, 67.95098846956247, 68.21990094410484, 69.3998786145254, 69.70443642785743, 69.86146674865074, 70.01171299091654, 70.5543388915365, 70.5825333446685, 70.92246276538198, 71.12733427457489, 72.31245250253488, 72.96738844296193, 73.07364109497507, 73.17645959350753, 73.21280875296253, 73.34948614142533, 74.0284276109323, 74.83477024349219, 76.74350659671391, 76.78202003084374, 77.37701501767695, 78.05565027168915, 78.11431623354234, 78.27399020647627, 78.67640522726077, 78.90558390023222, 78.99179192900628, 79.04253654213389, 79.20926353931273, 79.40975401375806, 79.98716358425695, 80.64954176983605, 81.1477541747983, 81.6384254121994, 82.10519875516957, 82.27124457103893, 82.3490549007716, 82.3556073477027, 82.49613485312997, 82.53565261079343, 82.77641422098378, 83.32457305979162, 83.43674154558654, 83.49027614450551, 83.98234786926551, 84.27967596282465, 85.03582427105174, 85.57401127912968, 85.79818963620602, 86.35278324099666, 86.47926685497083, 87.0151176448122, 87.57764592231659, 87.93065458659972, 88.1511520210179, 88.40001017564536, 88.72386794259563, 89.04510394553097, 89.41620065784227, 89.42625262890101, 89.55166116128602, 89.56404400232441, 90.05073731096093, 90.27626872925707, 90.45598931220428, 90.61722147384107, 90.87356857750589, 91.07022205516164, 92.74255381280861, 93.14882691922192, 93.16027383772321, 93.2908976790518, 93.64992858170223, 93.7846080530032, 94.0468280194337, 94.470257652426, 94.5617554210132, 94.68765198492684, 95.33464910520934, 95.4127954360531, 95.4740156821611, 95.58703274311654, 96.01097483645466, 96.77559219527168, 97.0835758908212, 97.45662671882052, 97.55407999716009, 97.7964502687661, 97.86908099233132, 97.96411003720694, 98.23532599777147, 98.89669327513913, 98.92365565993794, 99.04470741972564, 99.32294474799899, 99.48058877735893, 99.68566683055543, 99.75552690113018, 99.83396562939022], "marks": [2, 2, 2, 2, 2, 2, 2, 2, 2, 2, 2, 2, 2, 2, 2, 2, 2, 2, 2, 2, 2, 2, 2, 2, 2, 2, 2, 2, 2, 2, 2, 2, 2, 2, 2, 2, 2, 2, 2, 2, 2, 2, 2, 2, 2, 2, 2, 2, 2, 2, 2, 2, 2, 2, 2, 2, 2, 2, 2, 2, 2, 2, 2, 2, 2, 2, 2, 2, 2, 2, 2, 2, 2, 2, 2, 2, 2, 2, 2, 2, 2, 2, 2, 2, 2, 2, 2, 2, 2, 2, 2, 2, 2, 2, 2, 2, 2, 2, 2, 2, 2, 2, 2, 2, 2, 2, 2, 2, 2, 2, 2, 2, 2, 2, 2, 2, 2, 2, 2, 2, 2, 2, 2, 2, 2, 2, 2, 2, 2, 2, 2, 2, 2, 2, 2, 2, 2, 2, 2, 2, 2, 2, 2, 2, 2, 2, 2, 2, 2, 2, 2, 2, 2, 2, 2, 2, 2, 2, 2, 2, 2, 2, 2, 2, 2, 2, 2, 2, 2, 2, 2, 2, 2, 2, 2, 2, 2, 2, 2, 2, 2, 2, 2, 2, 2, 2, 2, 2, 2, 2, 2, 2, 2, 2, 2, 2, 2, 2, 2, 2, 2, 2, 2, 2, 2, 2, 2, 2, 2, 2, 2, 2, 2, 2, 2, 2, 2, 2, 2, 2, 2, 2, 2, 2, 2, 2, 2, 2, 2, 2, 2, 2, 2, 2, 2, 2, 2, 2, 2, 2, 2, 2, 2, 2, 2, 2, 2, 2, 2, 2, 2, 2, 2, 2, 2, 2, 2, 2, 2, 2, 2, 2, 2, 2, 2, 2, 2, 2, 2, 2, 2, 2, 2, 2, 2, 2, 2, 2, 2, 2, 2, 2, 2, 2, 2, 2, 2, 2, 2, 2, 2, 2, 2, 2, 2, 2, 2, 2, 2, 2, 2, 2, 2, 2, 2, 2, 2, 2, 2, 2, 2, 2, 2]}
