{"user": "hpp_125_25_00", "T": 100, "times": [0.933801623605737, 0.9595794568010033, 2.2086145618506445, 2.4596000904104094, 2.5958313938909545, 3.3091436887010923, 3.370586937844386, 3.6121431101932755, 3.9130645216361053, 3.9790758666090134, 4.666676828720766, 4.750126823651772, 5.0104649946632644, 5.033907737144677, 5.2652832830826926, 5.65079478940866, 5.656894740928734, 6.61800052984979, 6.635591361589876, 6.993634495833152, 7.195412909995223, 7.381523833349311, 7.95833246522608, 8.040264238715038, 8.34731714595138, 8.600863749466862, 9.25492927185358, 9.782318679241751, 9.85930823036789, 9.953357262603149, 10.066042484695403, 11.207387938461665, 11.811164710509042, 11.989868587547049, 12.218370929445289, 12.429279990622076, 12.80733560697985, 13.214261516635787, 13.305019707026362, 13.456109526478043, 13.656577144066192, 14.289177083793097, 15.33993042166127, 16.134311955669833, 16.193177759679237, 17.289483002654993, 17.34076541977946, 17.391885824802053, 18.132661679623656, 18.401890381253562, 18.62516673961309, 18.986525974944893, 20.360864359782337, 20.758403051010795, 20.910112668225754, 21.198441932026896, 21.37287332433338, 21.48632926567063, 21.63228726982815, 21.74462705382755, 21.766671764789212, 21.818865110184156, 21.8545257058122, 22.33054999497789, 22.42731562376989, 22.553433636379282, 22.936052724648793, 23.371439009662627, 23.40467054056396, 23.65895423847753, 23.912467244707695, 24.325747026007637, 24.359639921782158, 24.377312396073645, 25.27964349595553, 25.398246832119266, 26.234651977592318, 26.483489223229043, 27.606947154839997, 28.234660878603265, 28.39232924546117, 28.700194987262147, 28.80828753215427, 28.973918319747295, 29.528693698266387, 29.57234829538306, 29.990960758263707, 30.024629804463803, 30.152678873307956, 31.12299221329791, 31.266338242976474, 31.790393703307057, 31.966755146382898, 32.111902556595105, 32.3444174593098, 32.36357756465009, 32.383172146713385, 32.58530891407261, 32.63753331137639, 32.777135288180645, 32.87991040057882, 33.54620921842201, 34.78111460095042, 34.92482818950298, 34.92917103073647, 35.544322601422834, 36.05818741412592, 36.69248293113044, 37.693249273648085, 37.8510572507371, 38.953479372694815, 39.042646497885514, 39.066837959506344, 39.23456641196034, 39.990602836820024, 40.536034160489116, 40.83368831597479, 40.985738179388676, 41.413364337537715, 41.56807953566548, 41.959150699606084, 42.047490638743795, 42.241355668342216, 42.63608983535501, 43.030926868391475, 43.165668998222905, 43.674024691266744, 44.005833733443595, 44.875673429367346, 45.00880232509389, 45.074764562416114, 45.50680032011573, 45.629628140707794, 46.538799653987674, 47.40728102354493, 47.44645343760286, 47.6388491944644, 47.82276335655221, 47.86672009703894, 47.87384250996961, 48.17504494943194, 48.1965633236142, 48.8229997696265, 49.095437708414224, 50.12517769248919, 50.14001659370042, 50.14931632753504, 50.56532733656209, 51.388747976105556, 51.56088838433135, 51.598667768059016, 51.86339942040676, 51.94028015296557, 52.273500269888636, 52.33801581955873, 53.49707326596284, 53.53931611047385, 53.88963641686973, 54.029596370541604, 54.69145608602864, 55.421946263109184, 55.42321372517596, 55.470583190819596, 55.48903775512127, 56.847630589198566, 57.152612481306214, 57.334903146458124, 57.46053164307969, 58.4669450006083, 58.509204339609845, 58.550238439346444, 58.744849666048474, 59.35388386080855, 59.51450313521833, 59.657343656119274, 60.00283938386508, 60.03692415076889, 60.170541999651284, 60.285408210338524, 60.342654040172256, 60.38730785320772, 60.70698047387653, 61.69404409286806, 62.361143508654955, 62.81588506587101, 62.88022035033056, 62.96969092494775, 63.18184805331144, 63.5199309381313, 63.829796200615824, 63.99389428049063, 64.17803743419638, 64.43147854617011, 65.09876761541686, 66.94916580727369, 67.19933339152948, 67.44940827088698, 67.48044156913323, 67.87093090776034, 68.19406599637803, 68.24725018700329, 68.26100730319453, 68.49065016463256, 68.49186137373893, 68.59372903545089, 69.30015925906525, 69.77779233070652, 69.9917502990219, 70.26228697251592, 70.34683205324691, 70.50485147411639, 70.72982646267168, 70.9360611894447, 71.2905189968016, 71.39684264525029, 72.98391776720139, 73.34820204408045, 73.46607827269625, 73.55058696257106, 73.60573598733389, 73.66925792782673, 73.77124719972221, 73.79973506828911, 74.50838571531149, 74.87187519750485, 74.91850202024189, 75.07407266632639, 75.24397936332738, 75.93178863659912, 76.19214483202953, 76.53006231842403, 76.81269679384926, 76.90487493252077, 76.91969017325215, 77.09966567201926, 77.4692393430725, 77.50035094015283, 77.55517278674976, 77.8173921129387, 78.2564395742911, 78.55656873303867, 78.60999511777644, 79.09703178635756, 79.36822304496997, 79.5603144177093, 79.85422107782098, 81.4881126097257, 81.56239293328211, 82.07263667669446, 82.07804108127463, 82.13972376197371, 82.17591047093501, 82.19839530790813, 82.21558215125584, 82.68693142030288, 82.68876797529731, 83.70897680302647, 83.85352643227824, 84.36573283615395, 84.5557380690211, 85.64123964340747, 86.52490601903634, 86.60646781621092, 86.76633358602571, 86.86495866964374, 87.06214928531712, 87.4016081143141, 87.8340600470607, 87.84007783185807, 87.91937979007723, 88.16358250204209, 88.37498367477454, 89.01176794593496, 89.20740534012376, 89.27407894352177, 89.99365270405414, 90.19171253859817, 90.29718382456859, 90.58948417837624, 91.25810924415757, 91.57353761055715, 91.86841586607929, 92.53088626282937, 92.7389737969288, 92.9136742588566, 93.25762046806872, 93.46788561717418, 93.55618012836383, 94.5190165626186, 94.76465431839634, 95.10890808527427, 95.5756475756863, 95.97428528021429, 97.12084445926395, 97.17892418422169, 97.3647514849325, 97.66303319124822, 98.05354723663386, 98.06057014000096, 98.82602238613535, 99.071032700098, 99.28546249197733, 99.43818771233772], "marks": [1, 1, 1, 0, 0, 1, 1, 0, 0, 0, 1, 0, 1, 0, 0, 1, 1, 0, 1, 0, 1, 1, 1, 1, 0, 1, 0, 0, 1, 1, 1, 0, 1, 1, 1, 1, 1, 1, 1, 0, 0, 0, 1, 0, 1, 1, 1, 0, 1, 0, 0, 0, 0, 1, 0, 0, 0, 1, 1, 0, 1, 1, 1, 0, 0, 0, 1, 0, 1, 1, 1, 1, 0, 0, 0, 0, 1, 1, 1, 1, 0, 1, 0, 0, 1, 0, 0, 1, 0, 0, 1, 1, 1, 1, 1, 1, 1, 1, 1, 0, 1, 0, 0, 0, 0, 1, 0, 0, 1, 1, 1, 0, 0, 0, 1, 1, 1, 1, 1, 0, 0, 0, 1, 1, 0, 0, 1, 0, 0, 1, 0, 1, 1, 1, 1, 1, 0, 1, 0, 1, 1, 1, 0, 0, 1, 0, 1, 1, 1, 1, 0, 0, 1, 0, 1, 1, 1, 1, 1, 1, 0, 0, 0, 1, 0, 1, 1, 1, 0, 1, 1, 1, 1, 1, 1, 0, 0, 0, 1, 1, 1, 0, 1, 0, 1, 1, 0, 1, 0, 1, 1, 0, 1, 1, 1, 1, 1, 0, 1, 1, 1, 0, 1, 1, 1, 0, 1, 1, 0, 1, 1, 1, 1, 1, 1, 1, 1, 0, 0, 1, 1, 1, 1, 0, 1, 1, 1, 1, 1, 1, 1, 1, 1, 1, 1, 1, 1, 0, 1, 1, 1, 0, 1, 0, 1, 1, 1, 1, 1, 1, 1, 1, 0, 1, 1, 1, 1, 1, 1, 1, 1, 1, 1, 0, 0, 1, 0, 1, 1, 1, 0, 1, 1, 1, 1, 1, 1, 0, 1, 0, 0, 1, 1, 0, 1, 1, 0, 1, 0, 1, 0, 0, 1, 0, 1, 1, 1, 1, 1, 0, 1, 0, 0]}
