{"user": "hpp_10_05_00", "T": 100, "times": [1.5626099549069545, 2.4123990637743473, 2.5520839606667263, 3.416095668812964, 4.300865781801553, 4.395343013523969, 5.583610676052099, 6.063528256397691, 6.572176755458401, 6.875221166520342, 7.097749135926303, 7.6123902302165165, 7.839482329916749, 8.899846070465859, 11.585201752826691, 12.575400540713192, 13.835825723368835, 16.04777076184257, 16.37154480329891, 16.42318071087089, 17.60442267174921, 17.709326893046633, 18.05101389565074, 18.486198301669592, 19.600116013525508, 19.679389594473843, 20.162168549639443, 20.623265418489755, 22.01180822558761, 23.21323909999801, 24.48394741708591, 24.89802134045388, 25.098583277393836, 25.75842768524506, 26.388112212523396, 27.410481117996927, 29.19078651143073, 29.357138142666386, 30.210043569990425, 30.84013770710551, 31.038866103224265, 31.363505552486696, 34.33846295144508, 34.382530550043754, 36.0045971279984, 36.723620544658665, 36.90793536702787, 37.970429048863906, 38.45310482412852, 38.60306922968176, 40.17911649194862, 40.65776288079095, 43.12394674844436, 44.322587635199746, 44.34505870658469, 44.95393270755608, 45.60020406611914, 48.79303124534226, 48.814549830593904, 52.12011837061126, 52.331963170871255, 52.50347689117417, 53.11226391212403, 53.15711979984747, 53.52611326795449, 56.30204784153275, 56.68593423733822, 56.77633404917117, 57.03002417669506, 57.18711430516187, 57.201847958044, 57.334424839453625, 57.395397706808296, 57.41776665175532, 58.33457030117307, 58.78084923083722, 59.466299741569244, 60.48656653225472, 60.71241912855844, 61.10771059169574, 61.89037288018082, 62.79947404345046, 62.903114613193864, 63.05411837734568, 63.2819855371393, 63.52442022536285, 64.82817894565538, 65.2740368587395, 65.78685094383975, 65.93630733913918, 66.05925927187874, 66.40306247398391, 66.6266087941776, 68.40917615754263, 70.09038544389244, 70.22296327974834, 71.7502353213202, 72.09132228800264, 72.38675883359909, 72.44182141646397, 72.45450172204772, 72.48807894976585, 73.08518089093553, 73.74350319156301, 73.85288066629836, 74.80367489076859, 74.88475442646008, 75.09491403418994, 75.6451411142304, 77.15131298133358, 80.04558923841672, 80.42512947652116, 81.60736543974973, 82.3144248058442, 82.47419075798484, 82.61507017138739, 82.73175347512219, 82.86082986848224, 84.6445160049682, 85.30116241583515, 86.03127565983623, 86.98282796904692, 88.86985931874253, 89.30161913707646, 89.79482719574759, 90.69830240698415, 91.1746783236948, 91.82405612771339, 92.74891840362334, 93.20318819775812, 93.48455353247618, 94.23864493082698, 94.29797445885156, 96.74005191281069, 96.9400486583029, 98.42399177981915, 99.04655468004833, 99.40561522632542, 99.46300662053633], "marks": [1, 0, 0, 0, 1, 0, 1, 0, 1, 0, 0, 0, 0, 1, 0, 1, 0, 1, 1, 0, 0, 0, 0, 0, 0, 0, 0, 0, 0, 0, 1, 1, 0, 0, 1, 1, 0, 1, 0, 0, 0, 0, 0, 0, 1, 0, 0, 1, 1, 0, 1, 1, 0, 0, 0, 0, 0, 0, 0, 0, 1, 1, 0, 1, 1, 0, 0, 0, 0, 0, 0, 0, 0, 0, 1, 1, 1, 0, 1, 0, 1, 0, 0, 0, 0, 0, 0, 0, 0, 1, 1, 1, 0, 0, 0, 1, 1, 1, 0, 0, 0, 0, 0, 0, 0, 1, 1, 0, 1, 1, 0, 0, 0, 0, 0, 1, 0, 0, 0, 1, 0, 0, 0, 0, 0, 1, 0, 1, 0, 1, 0, 1, 1, 1, 0, 1, 0, 1, 0]}
