{"user": "hpp_044999999999999996_00_00", "T": 100, "times": [0.8012077068451755, 1.2561272352926731, 8.920269217560538, 12.07372417173846, 14.399108987491303, 14.69167557538441, 15.51553465069746, 15.680555053539686, 22.691626741238505, 25.497439404784387, 28.956872818738088, 31.621817664734287, 34.6949009351539, 36.79779197459925, 38.13376670041708, 41.53163666127326, 41.63948240002979, 42.38212196999393, 45.84727540591859, 49.221982141017726, 49.245089097766304, 49.60797407010858, 50.16177515926571, 51.51258889316916, 51.723217359261916, 53.5298039370114, 57.20428871149615, 57.332858703400696, 64.84319796793878, 68.15732732491124, 68.99767571661823, 70.46769603823127, 71.42325164079348, 79.36948713586948, 82.3924727319848, 85.33035109241686, 87.57713118404018, 94.00291759182073, 95.74617413398757, 96.47284143409605, 96.60051269640431, 96.74138676125823, 97.59189288565153, 97.86273938758679], "marks": [0, 0, 0, 0, 0, 0, 0, 0, 0, 0, 0, 0, 0, 0, 0, 0, 0, 0, 0, 0, 0, 0, 0, 0, 0, 0, 0, 0, 0, 0, 0, 0, 0, 0, 0, 0, 0, 0, 0, 0, 0, 0, 0, 0]}
