{"user": "hpp_015_03_00", "T": 100, "times": [1.8817173119742148, 2.731711782370665, 6.517943942119231, 6.911099906834581, 11.459672757388551, 13.423358984577412, 17.19485356493096, 20.034540007253128, 21.820307960120154, 22.788106156374862, 22.803134739307175, 25.211770496320597, 25.844596294134686, 26.76695753301663, 27.994875566790547, 30.010565994767042, 30.448878690407565, 30.46278672440517, 32.92854113692248, 33.110536043711235, 39.01009842289095, 39.16367980117638, 39.23049620595384, 39.55636754194931, 40.49966320664965, 42.51704889448858, 47.215311431158, 47.264782504275104, 49.40778671274595, 50.819424298793045, 52.022623687622385, 59.6283084680003, 63.82917053484701, 64.16766312127609, 69.0787107231493, 73.49773111386214, 76.36642567355459, 77.65869089180367, 79.26440973596999, 80.31871983367982, 81.93811575431717, 92.49543940177591, 96.0506301095151, 98.16424043671137], "marks": [1, 1, 1, 1, 1, 1, 0, 1, 1, 1, 1, 1, 0, 1, 1, 1, 1, 1, 0, 1, 0, 1, 0, 0, 1, 1, 1, 1, 1, 1, 0, 1, 1, 1, 1, 1, 0, 1, 1, 1, 1, 0, 1, 0]}
