{"user": "hpp_15_00_00", "T": 100, "times": [0.12244567661774297, 1.7133550713577073, 2.4765781603960795, 2.538701120322921, 2.6313246259318652, 3.1500949920939574, 3.284232867026433, 3.836660276452486, 5.707817718734647, 6.176977469194127, 6.231067175065202, 6.636235867351983, 7.3573207427364835, 8.291529582066252, 8.56048339803641, 10.409471887051243, 10.440614229517008, 10.777619533583989, 10.895656922124168, 12.135748963294143, 13.82273685597924, 14.246661190716365, 15.297594190914875, 16.443224760556205, 16.5975774954539, 16.626822059421688, 18.08527469765751, 18.321724208959157, 18.76833918569963, 18.845575056605863, 22.71614574456479, 23.181965776775062, 23.44173654158595, 25.31878889129654, 26.568389203306754, 26.604557880470033, 26.919390260652882, 27.309180439850625, 27.69530668073385, 28.264381659923227, 28.381004518303847, 29.053707917683244, 30.186441417388405, 30.261146785807654, 30.48223750160374, 30.682415125352474, 30.70778241741854, 30.92325463318053, 32.57998233668964, 32.79876652171755, 33.35924974963676, 35.405316651479716, 35.46481929428507, 35.8286935012403, 36.4789370233813, 36.57429523656738, 36.83163331621827, 37.79121362711757, 38.312168563165415, 38.55977943887536, 38.83846154022239, 41.77160997233415, 42.07866495841053, 42.96976448303653, 43.52749197582449, 44.17906799801061, 44.39810945861119, 46.38157598418537, 46.64739557130382, 47.32943422070643, 49.793704393926184, 51.22893440720025, 51.268268162369345, 51.29097796256408, 52.00026613327562, 52.29318536828649, 53.11689080770906, 55.55147271026892, 56.634048400202815, 57.57836938353748, 60.18053922767961, 60.265728584006574, 60.48475260504365, 60.99546688455217, 62.772072697388616, 62.79194128579999, 63.6469649515609, 63.73109330066653, 64.39619794282446, 64.44245086993494, 65.00340660226409, 65.5260672449152, 66.30000337998098, 66.5067780740192, 67.6651591668082, 69.10204224232604, 70.15571891757385, 70.36412585997172, 71.41041643347738, 73.01282238280506, 73.76767975957678, 74.73319838662374, 76.71239243278606, 79.21390442687435, 79.8659037958549, 80.73738715321838, 81.4150402010688, 82.24872549998787, 82.60655868538552, 83.01711945438983, 83.32002823239556, 83.34913174770615, 87.21407996619574, 88.53594606283657, 88.97879947374764, 89.25904797041547, 89.9124195512696, 89.96897094794373, 90.57249303372186, 90.5812217679777, 91.3299551465553, 91.90361868541659, 92.03316593187172, 92.06898818543385, 92.16629027752907, 92.62840152650445, 92.96379336223772, 93.81365766689203, 94.14515582960945, 94.17629155251755, 94.3989805595208, 94.66877446779628, 94.9387904697594, 95.02005445107292, 96.31826303085862, 96.8568033302692, 99.97860319261574], "marks": [0, 0, 0, 0, 0, 0, 0, 0, 0, 0, 0, 0, 0, 0, 0, 0, 0, 0, 0, 0, 0, 0, 0, 0, 0, 0, 0, 0, 0, 0, 0, 0, 0, 0, 0, 0, 0, 0, 0, 0, 0, 0, 0, 0, 0, 0, 0, 0, 0, 0, 0, 0, 0, 0, 0, 0, 0, 0, 0, 0, 0, 0, 0, 0, 0, 0, 0, 0, 0, 0, 0, 0, 0, 0, 0, 0, 0, 0, 0, 0, 0, 0, 0, 0, 0, 0, 0, 0, 0, 0, 0, 0, 0, 0, 0, 0, 0, 0, 0, 0, 0, 0, 0, 0, 0, 0, 0, 0, 0, 0, 0, 0, 0, 0, 0, 0, 0, 0, 0, 0, 0, 0, 0, 0, 0, 0, 0, 0, 0, 0, 0, 0, 0, 0, 0, 0, 0]}
