{"user": "hpp_075_0375_00", "T": 100, "times": [0.9951752416142671, 1.6708317513438682, 3.407574794863768, 6.080245383412117, 6.909422840686904, 6.91247152595417, 7.458456880617892, 9.084165543191313, 13.541462683648431, 14.180175912330656, 14.51919670975375, 15.080327058686573, 17.061332071236738, 17.393432235091144, 17.54723308385386, 17.80070416805302, 18.08875847034002, 19.801495796435738, 20.045154994112465, 20.167625817930332, 21.692543351413914, 22.746475821676608, 22.875029999637484, 22.95903988413997, 23.734898444188737, 25.662289325248, 26.26696862311295, 27.015830443955863, 27.566860926562132, 29.5716658188622, 29.701254584491036, 30.097749447818135, 30.759818501403355, 31.50508824584196, 31.52790562192759, 34.426273443180236, 34.88574908068707, 35.03148706066028, 36.41153421254783, 37.33885263793942, 37.57129227829871, 39.15559553777605, 40.29291357199995, 40.52670161197454, 41.644331952554715, 44.94175230818867, 44.99357755203435, 45.88678622390216, 47.002850694810654, 47.55885539405273, 47.7628690439055, 49.7825598177738, 51.6224413636128, 52.43569289702234, 54.21934906474929, 55.784314107252314, 55.84863881333321, 56.02971494545729, 56.25484246906052, 56.319394850120155, 59.97717839910034, 60.61855664646674, 61.50098751992733, 62.30124804844957, 64.32004884168228, 64.97871007467141, 68.10492422297148, 71.46096742172946, 71.91429522712501, 72.53645519929982, 74.4453254721611, 74.89244915163623, 76.21162144749034, 76.714242196172, 78.22104469235298, 79.88363413140112, 80.0433068502311, 80.89852593339741, 80.92888868671015, 81.0549866136752, 82.47750929824515, 83.65681464991778, 86.72936111284338, 87.71504429015758, 88.46679268969635, 90.41407418405743, 91.30474610013717, 91.96142835627796, 92.6605892837966, 93.1665625983788, 93.77657446624194, 94.77177339053725, 95.56432030431543, 95.69999525608408, 97.44985585085792, 97.7995814499549, 98.7856199059163], "marks": [0, 1, 0, 0, 1, 1, 1, 1, 0, 0, 0, 1, 0, 0, 0, 1, 1, 0, 0, 0, 0, 1, 1, 0, 0, 0, 0, 0, 0, 1, 1, 0, 0, 1, 0, 0, 1, 0, 0, 0, 0, 0, 0, 0, 0, 1, 0, 0, 1, 1, 0, 0, 0, 0, 1, 0, 0, 0, 0, 0, 1, 0, 1, 1, 0, 1, 0, 1, 0, 1, 1, 0, 0, 0, 0, 0, 0, 0, 0, 1, 1, 0, 1, 1, 0, 0, 1, 0, 1, 0, 1, 0, 1, 0, 0, 0, 1]}
