{"user": "hpp_1125_00_00", "T": 100, "times": [0.48915251048110037, 1.4543783290897236, 1.6707739008251672, 3.1382090269240104, 5.288471957791969, 6.101933112886792, 7.173525495255558, 7.978918923034054, 8.12934114954095, 8.384280416642742, 8.708478871480434, 10.696158829904897, 10.850861669623693, 11.125094704394733, 11.651168786630183, 11.877902505926409, 13.780207424215234, 15.01057253835658, 15.278606482322525, 16.001311355965424, 16.089816561421713, 18.846558638652372, 18.982495691659736, 19.105611819529646, 22.33509199658511, 23.77396567320479, 24.234342745381124, 25.3821760522926, 27.954849286838684, 28.124878483548297, 28.835322004922073, 28.88551645689826, 29.276003336226452, 30.571980703237795, 31.777907284072004, 33.550187776013274, 35.77666091224657, 35.93864705566364, 36.19237291327843, 36.492803821478226, 37.048826035288414, 37.88283834622847, 40.051365949694585, 40.69938539437281, 41.52553725750992, 43.8577945147442, 44.00978068534837, 44.232563169792286, 45.198241840348985, 47.368227195071945, 49.03118454892065, 49.278473192995335, 49.47493598130773, 50.0534703516478, 50.458734108046734, 51.186094144990776, 51.67809707898521, 52.42858499051951, 54.93883523035055, 55.09676492114207, 55.8474178111444, 55.95872625040974, 56.12990339668503, 56.60150065204737, 60.81713082253899, 61.20636457299923, 61.80733747703386, 62.04798563798871, 62.34462063708963, 68.13385981804242, 69.12895544172225, 69.43628647547108, 69.49043197317609, 70.25526843237395, 70.82580917840885, 72.09830462850297, 72.10469443245493, 73.47949644424372, 74.06865360726674, 77.65164757872685, 79.2500595572434, 79.33755826089487, 81.09637211486098, 82.09858131131605, 82.89766573920664, 83.37341888569826, 86.0966379076915, 86.89363380648919, 87.0315199378159, 87.17822331009744, 87.34985423614272, 88.72220656654386, 88.99719839972518, 89.5460030455609, 89.64926433273949, 89.66479851019561, 92.12706251500097, 93.05445461186513, 93.20868450348122, 93.60587494897987, 94.04464503197525, 95.22440951381147, 95.88567435599278], "marks": [0, 0, 0, 0, 0, 0, 0, 0, 0, 0, 0, 0, 0, 0, 0, 0, 0, 0, 0, 0, 0, 0, 0, 0, 0, 0, 0, 0, 0, 0, 0, 0, 0, 0, 0, 0, 0, 0, 0, 0, 0, 0, 0, 0, 0, 0, 0, 0, 0, 0, 0, 0, 0, 0, 0, 0, 0, 0, 0, 0, 0, 0, 0, 0, 0, 0, 0, 0, 0, 0, 0, 0, 0, 0, 0, 0, 0, 0, 0, 0, 0, 0, 0, 0, 0, 0, 0, 0, 0, 0, 0, 0, 0, 0, 0, 0, 0, 0, 0, 0, 0, 0, 0]}
