{"user": "hpp_00_05_10", "T": 100, "times": [0.40249891406869737, 0.4976562418376979, 0.5719703417435863, 0.6569899672111336, 1.8976681934308983, 2.755264143753303, 3.3645953667040174, 4.403140273446569, 4.412040213903966, 4.792396938947555, 4.982097739003237, 5.106645958905221, 5.2165481062593875, 5.565325174162654, 6.772217334629143, 7.775957441758623, 7.829715154941691, 7.9607530595670815, 8.360301484692352, 8.570304406119817, 8.669026929124296, 8.879823471089008, 8.971007895269096, 10.407502260079818, 13.263308433466557, 13.97726880708871, 14.0396425842996, 15.22768415944102, 15.402096502454187, 15.494951053860461, 15.578741641573236, 15.79896622013176, 15.957968929771955, 16.249114162834378, 16.901151340008305, 17.1714825860489, 17.20306788727061, 17.308810789064648, 17.442755828462342, 18.181593767743145, 19.07614615689195, 19.392678126106244, 21.263036283747063, 21.45735121702358, 22.347521377468066, 22.39676346959322, 22.93747453800435, 26.327972115627173, 27.535972953785873, 27.88455023945414, 28.74214957949676, 29.095392569675347, 29.510351896359623, 30.590658316183973, 33.24594760976154, 34.199331202236856, 35.377558351104845, 35.60381707434651, 36.30702546516032, 36.65065993863423, 37.812491654068296, 38.0953140365907, 38.56083507912672, 38.580290455386034, 39.379460835802604, 39.58355468578497, 39.68507228746471, 40.30484909937894, 40.58079181268948, 40.61360268689608, 41.122592582251535, 41.41970840128234, 41.653821324575716, 41.85886571593853, 42.03711690190502, 42.95213817097686, 43.31180788703696, 43.51097594615163, 44.08752420791891, 45.24063030365391, 45.55965868487434, 45.597931628191326, 46.34888547334008, 46.69587556080924, 47.10513115061675, 47.210949966867176, 47.86022526741374, 48.07865043546622, 49.42090621028001, 51.64412522137184, 53.543920696538564, 54.77110090043057, 55.32917268815875, 55.636918608725466, 56.20653743780068, 56.29866367615442, 56.66584363847936, 56.98165417770764, 57.091491172378376, 57.317975607238225, 58.356221355349334, 58.43347178675509, 58.44088506678748, 60.034403961272616, 61.16844598714989, 61.66919198146179, 62.989892554584195, 66.63615057770403, 67.00670761852376, 68.1145596003208, 68.38491993163711, 70.04045921543084, 70.07595587850757, 71.03216444015769, 71.86532694708325, 72.94116098775356, 74.87361009798818, 74.99452999242, 75.2796359276476, 75.86705523114819, 78.14127315352648, 79.44414530577698, 80.02627207400437, 80.06646758481675, 80.0806442538218, 81.63688157605681, 81.71443861005265, 84.29582733605486, 84.34393618950365, 84.65931298617782, 87.33442882179439, 88.08499012109702, 88.38881802443842, 88.56221554488178, 88.63138562705484, 88.73277167412725, 88.85167209590433, 89.91924078489109, 90.21698530474096, 90.43055450708286, 91.78869585624192, 92.01952120372296, 92.85588112543849, 92.85738665872965, 92.89696766830534, 93.0209671128527, 93.17526475584363, 93.19690362592266, 93.23651324411796, 93.46737119832196, 93.98900545774843, 94.07782089546421, 96.0823403743777, 96.78725040993072, 97.33849995507548, 97.3548256149854, 97.96575432464873, 98.75708408406119], "marks": [2, 1, 2, 2, 1, 2, 2, 1, 2, 1, 1, 2, 2, 2, 2, 2, 1, 1, 1, 2, 2, 2, 2, 1, 1, 2, 2, 1, 1, 2, 2, 1, 2, 2, 1, 2, 2, 1, 2, 2, 2, 1, 2, 2, 2, 1, 1, 2, 2, 2, 2, 2, 1, 2, 1, 2, 1, 2, 2, 1, 1, 2, 1, 2, 1, 2, 1, 2, 1, 1, 2, 1, 1, 2, 1, 2, 1, 2, 2, 2, 2, 2, 2, 2, 1, 2, 1, 2, 1, 2, 1, 2, 1, 2, 2, 2, 2, 2, 2, 2, 2, 2, 2, 1, 1, 2, 2, 1, 1, 1, 2, 2, 2, 1, 2, 1, 2, 1, 2, 2, 1, 1, 2, 1, 2, 2, 2, 1, 1, 2, 2, 1, 2, 1, 2, 2, 1, 1, 1, 2, 1, 2, 2, 1, 2, 2, 1, 2, 1, 1, 1, 2, 2, 2, 2, 2, 2, 2]}
