{"user": "hpp_00_015_03", "T": 100, "times": [0.7369845388404446, 1.615367738271967, 1.8748766211213757, 8.335840297229524, 8.60956006508491, 15.384684884946871, 15.761551115553791, 15.934284641200097, 17.898888697072135, 18.084727719190408, 18.123360051787405, 18.758024208113873, 23.8333483957073, 27.00352385525612, 31.458655715462303, 32.19603510770886, 34.392596609791305, 36.86983274215354, 37.17109975038635, 39.39166840119435, 45.599869498390355, 46.54385203642064, 46.74111049921626, 50.061982259586735, 51.500438660938116, 52.760613539092766, 53.42879849961025, 59.761817612159106, 65.17339612192653, 67.4599222109569, 68.07066646290697, 69.67762515461449, 71.23055027941967, 74.81836343409259, 79.41279411398882, 79.6714971297218, 80.58941425501666, 83.88077030567108, 84.3635206948752, 84.87640326407909, 85.4380192526842, 90.8645341462376, 98.9019238742893], "marks": [2, 1, 1, 1, 1, 2, 2, 1, 2, 1, 2, 2, 2, 2, 1, 1, 2, 1, 2, 1, 2, 1, 2, 2, 1, 2, 1, 1, 2, 2, 2, 1, 2, 1, 2, 2, 2, 1, 2, 2, 1, 2, 2]}
