{"user": "hpp_00_00_15", "T": 100, "times": [0.9611986498413799, 1.4431557312705352, 2.1181021371035733, 2.484705278017085, 3.335758780438458, 3.740525012016109, 4.002259863041233, 4.0672992641722825, 4.639840338664461, 5.830117152407481, 7.312255686412255, 8.8292240540434, 9.931900756049624, 10.2029353695373, 10.358088731861775, 10.912963264657053, 10.956271223576794, 12.129077120236163, 12.61605923046327, 13.795309790277136, 14.279842639529376, 14.381735555794691, 14.846970849131482, 15.465152532738797, 16.568856430954053, 17.778957889273276, 17.943764298504647, 18.629196407680997, 19.128715922615577, 19.269376309059098, 20.47125857188041, 20.638233488129124, 21.372454741446834, 21.67944186802454, 21.878829587949596, 23.179030715585192, 23.584117281088513, 25.92844583063221, 26.37867487831137, 26.73793939243002, 27.301237342205955, 27.975756677878483, 28.50612516957663, 28.78531102965756, 30.478551040584815, 33.031042231583605, 33.06824371910446, 33.08958157068089, 33.125314409342984, 33.843740527295566, 33.901016888380305, 34.228601117335906, 34.77358160495549, 34.91071365362709, 34.99970247088911, 35.79832831898451, 36.60159493345664, 36.66566065458685, 37.968214181295394, 38.98438275823527, 39.3859164611809, 40.847441244518734, 42.36889615336241, 42.51198147674371, 43.03097921605278, 43.27305651633473, 43.58494642255852, 45.70815413385965, 46.91909434615382, 47.21788066841165, 47.68751748312095, 47.70718771892059, 47.799298903629705, 50.5697791369319, 53.86560547462558, 54.47151161382751, 55.876363561502764, 56.04733760377853, 56.47375454979168, 56.92515578650509, 57.1305185625598, 57.201889343221886, 58.52443881388479, 60.54864585528771, 62.80615440387753, 63.98477411813395, 64.15522282286872, 65.02389158035072, 65.12359271162349, 66.04367519873874, 67.53136146894688, 67.81581210882655, 68.91721902201282, 69.05344088205237, 69.7862134432081, 69.82093582717167, 70.0074945373543, 70.15062086668902, 70.16468443790707, 73.00116851852765, 73.40152527557137, 73.69276236309099, 74.20105231388854, 74.2699014258355, 74.72135830148011, 75.65954149075526, 76.10596640859563, 76.61580702689406, 77.02323705671233, 78.04114181642515, 78.94508711969088, 79.27904866889313, 79.35467243598227, 79.35655138970726, 79.42038071554441, 80.93098110259689, 80.96681474377272, 83.66917565494464, 83.86020140462519, 84.55574109032072, 85.58978900648184, 86.05841393783582, 86.27692801032431, 86.53483456577351, 86.99727055988242, 87.03619020887483, 88.32689196154678, 88.40752597891299, 88.49675764215858, 89.32982106917812, 89.54560784306196, 89.70827172529359, 90.84039034270207, 91.25696255961371, 91.66189894415595, 91.72572490759788, 91.78531180919316, 92.48661770696356, 93.98666461992238, 95.68699522358952, 96.04938210585827, 96.57819956545838, 97.6223026664425, 98.05624705700879, 98.40076982306533, 99.4208738347587, 99.42643574376626], "marks": [2, 2, 2, 2, 2, 2, 2, 2, 2, 2, 2, 2, 2, 2, 2, 2, 2, 2, 2, 2, 2, 2, 2, 2, 2, 2, 2, 2, 2, 2, 2, 2, 2, 2, 2, 2, 2, 2, 2, 2, 2, 2, 2, 2, 2, 2, 2, 2, 2, 2, 2, 2, 2, 2, 2, 2, 2, 2, 2, 2, 2, 2, 2, 2, 2, 2, 2, 2, 2, 2, 2, 2, 2, 2, 2, 2, 2, 2, 2, 2, 2, 2, 2, 2, 2, 2, 2, 2, 2, 2, 2, 2, 2, 2, 2, 2, 2, 2, 2, 2, 2, 2, 2, 2, 2, 2, 2, 2, 2, 2, 2, 2, 2, 2, 2, 2, 2, 2, 2, 2, 2, 2, 2, 2, 2, 2, 2, 2, 2, 2, 2, 2, 2, 2, 2, 2, 2, 2, 2, 2, 2, 2, 2, 2, 2, 2, 2]}
