{"user": "hpp_00_375_00", "T": 100, "times": [0.2181335662796818, 0.4724121129864999, 0.6468605170612142, 1.0088644665248405, 1.2866069883496, 1.539895588006615, 1.8261139325285813, 2.0683087503234017, 2.2602403973568643, 2.431461149928136, 2.6018385244331728, 2.9105705852673696, 2.922705594852548, 3.3328615538346815, 3.342170168542197, 3.5156703763736528, 3.6776308288362483, 3.8598751661243464, 3.89492320575765, 4.2970745577692, 4.522982241768751, 5.067505577216438, 5.457576858859271, 5.997821957758713, 6.505322332819805, 6.669344197342201, 6.670016434913528, 7.905997302301396, 8.078013032293764, 8.63658907035401, 10.498961221998991, 10.617985197195626, 10.689823448229559, 11.21707208308231, 11.590001845544325, 11.98918981597669, 12.556856529845536, 12.592042208619969, 14.15626913951953, 14.8903693384, 14.961249214023901, 15.389119066491242, 15.522630903418616, 15.711332366270392, 16.12548417351514, 16.351917955933633, 16.453070643404637, 16.612183928700496, 16.83179882440742, 16.83834220847831, 16.929795121535133, 17.091575223309423, 17.635905092603256, 17.847617473875573, 17.926678076452504, 18.357812520545224, 18.412534350686393, 19.313463197330357, 19.456201002612893, 19.46287158930883, 20.739972600441643, 21.3742690452409, 21.926859797005434, 22.051421226800795, 22.8452680062966, 22.851670829103067, 23.21507802059418, 23.30126666463635, 23.50700227022831, 23.835418924002244, 24.097853902648605, 24.568198061075556, 25.108408539757814, 25.311440062570956, 27.40290877027034, 27.616874269734513, 27.621021508694454, 27.944256268099654, 28.04095784258433, 28.673668322029926, 28.839088648605454, 28.912774845110825, 29.381583032144395, 29.896237612526612, 29.91481983405568, 30.147296186073955, 30.221711142008864, 30.649984691393314, 31.173601663569922, 31.23809560577068, 31.495742275323448, 31.54781724720305, 31.699523766628406, 31.892916146057853, 31.92894754474297, 32.244457137498166, 32.458778633185666, 32.75654356577821, 32.86388645645412, 32.894187722372244, 33.01709765154213, 33.14675562235906, 33.285726839232865, 33.65764931017241, 33.744826540288535, 34.62080150492092, 35.08431503760275, 35.90415913617609, 36.5822740255606, 36.81555554253183, 37.46884102087824, 37.53468868842851, 38.414756965649445, 38.54746105639225, 38.79576945254761, 38.844702255829446, 39.011970198971675, 39.365143917289636, 39.43811882954294, 39.526339324138384, 39.774422114911836, 39.98582930928533, 40.46303785632202, 40.67488653292288, 40.89341035281496, 40.9659461149044, 41.25966496054829, 41.94716943268745, 43.29711135205221, 43.88673563443135, 45.87578173777427, 45.879263446625735, 46.15425976073243, 46.28542972985035, 46.31299828722306, 46.39679096522908, 46.41901213696975, 46.917876981401314, 47.17281870719122, 47.185458630641996, 47.42543275552014, 47.7577110967522, 48.57454275606084, 48.634696971626056, 48.666663318917486, 49.013253033788274, 49.051814592861064, 49.45573305161576, 49.654091605705744, 49.82387216608815, 50.48190500280375, 50.76418133907231, 50.77853144711436, 50.832553382242935, 51.57848854587736, 51.61768754898387, 51.89486048559809, 52.12048867112829, 52.85248278240894, 52.96053849683724, 53.20808542692995, 53.411506676979265, 53.78868640345279, 53.98456882513567, 54.08286765759681, 55.47515986594987, 56.242994540739325, 56.59032282821796, 57.29768976704567, 57.97730813294101, 58.95346932695615, 59.051817704889544, 59.22380489894944, 59.72584584324428, 59.95787023809075, 60.10151747207926, 60.235970695078066, 60.383557090793765, 60.38386837292942, 60.47542849798024, 61.766257787592295, 62.01838177611967, 62.21916003778373, 62.75991733950768, 63.37131751810856, 64.19609981966255, 64.29043578201059, 64.53763146446595, 64.93479073581285, 65.23038776932431, 65.90106565409926, 66.14133794634563, 66.37169519203601, 66.57721749751978, 66.85286190399468, 67.659989394176, 68.51967140886771, 68.87639320856516, 69.15392936848016, 69.89057915876877, 69.92139837604013, 70.60702348843627, 71.12735303298362, 71.27181988492993, 71.8931014965483, 71.91055009544459, 73.24065527254152, 73.37381268161221, 73.64921764428492, 75.079833373019, 75.79652059588132, 76.12906301758127, 76.47789406107611, 76.50584772629419, 76.62849606749029, 76.7750973101027, 76.92633012669607, 78.12549662541426, 78.62824726560765, 78.74484264840717, 78.76473780650154, 79.0773304785523, 79.11470076138521, 79.63077906678068, 80.00296785871414, 80.73805445134862, 80.83322566144076, 81.02463707746502, 81.29694570123884, 81.60860853468812, 81.70746011184872, 82.68930940033765, 83.17666494452781, 83.59210494479038, 83.96003315582587, 84.03996937248665, 84.26308503498682, 84.26801893006284, 84.80883525296103, 85.00165704025221, 85.22332411390042, 85.22449333338919, 85.31919306895118, 85.50586024981752, 85.72017415136295, 85.7525016073351, 86.21351107239475, 86.85883001732768, 86.95126422480034, 87.05336199268707, 87.37749577019086, 87.68365833977138, 87.74319873706034, 87.97396525311589, 88.8059049624437, 89.09988505695122, 89.1423088591226, 89.26307899852068, 89.5114303930619, 89.85169176222449, 90.06069780925674, 90.08067123735825, 91.07677610570961, 91.4759928565049, 92.03512149113455, 92.59718766963721, 92.62858032389057, 92.66621127312415, 92.69628226530251, 92.7985943463404, 93.40381533731208, 93.72124348942755, 93.75603931507415, 93.97429445640392, 94.12393414442361, 94.20273441294613, 94.26375493510878, 94.3067930509926, 94.6191746711968, 94.84602863128484, 95.03678851030752, 95.17392397054317, 95.36109623819011, 95.36919623358138, 95.42658221368757, 95.64767909720909, 95.73499981234399, 96.13646405670197, 97.10659275588273, 97.24764013027703, 97.25710011580945, 97.9849914233314, 98.21117489133069, 98.26495006560945, 98.27642832918882, 98.99872824260383, 99.04091910302849, 99.06384108543287, 99.50863986978807, 99.51556480894142], "marks": [1, 1, 1, 1, 1, 1, 1, 1, 1, 1, 1, 1, 1, 1, 1, 1, 1, 1, 1, 1, 1, 1, 1, 1, 1, 1, 1, 1, 1, 1, 1, 1, 1, 1, 1, 1, 1, 1, 1, 1, 1, 1, 1, 1, 1, 1, 1, 1, 1, 1, 1, 1, 1, 1, 1, 1, 1, 1, 1, 1, 1, 1, 1, 1, 1, 1, 1, 1, 1, 1, 1, 1, 1, 1, 1, 1, 1, 1, 1, 1, 1, 1, 1, 1, 1, 1, 1, 1, 1, 1, 1, 1, 1, 1, 1, 1, 1, 1, 1, 1, 1, 1, 1, 1, 1, 1, 1, 1, 1, 1, 1, 1, 1, 1, 1, 1, 1, 1, 1, 1, 1, 1, 1, 1, 1, 1, 1, 1, 1, 1, 1, 1, 1, 1, 1, 1, 1, 1, 1, 1, 1, 1, 1, 1, 1, 1, 1, 1, 1, 1, 1, 1, 1, 1, 1, 1, 1, 1, 1, 1, 1, 1, 1, 1, 1, 1, 1, 1, 1, 1, 1, 1, 1, 1, 1, 1, 1, 1, 1, 1, 1, 1, 1, 1, 1, 1, 1, 1, 1, 1, 1, 1, 1, 1, 1, 1, 1, 1, 1, 1, 1, 1, 1, 1, 1, 1, 1, 1, 1, 1, 1, 1, 1, 1, 1, 1, 1, 1, 1, 1, 1, 1, 1, 1, 1, 1, 1, 1, 1, 1, 1, 1, 1, 1, 1, 1, 1, 1, 1, 1, 1, 1, 1, 1, 1, 1, 1, 1, 1, 1, 1, 1, 1, 1, 1, 1, 1, 1, 1, 1, 1, 1, 1, 1, 1, 1, 1, 1, 1, 1, 1, 1, 1, 1, 1, 1, 1, 1, 1, 1, 1, 1, 1, 1, 1, 1, 1, 1, 1, 1, 1, 1, 1, 1, 1, 1, 1, 1, 1, 1]}
