{"user": "hpp_10_00_05", "T": 100, "times": [0.929255809676488, 1.5946949212272077, 1.9317203370944207, 2.0227657042754146, 3.0541452048763, 3.2762866884098316, 4.095511812302672, 4.483353377593429, 5.231793840315174, 6.254468098300563, 6.404126063948344, 6.419158865062316, 7.171320634172735, 8.201637461849383, 8.472911473095529, 9.615216871780198, 10.15158489120451, 10.260538677841701, 11.417421899849316, 11.733349382717307, 12.420268126058776, 12.978576284277047, 14.831753051778126, 16.052299633080494, 16.73993290881795, 18.629695218608813, 18.93880589590983, 19.658498676936492, 20.76795472862763, 21.211926453582205, 23.371454223435336, 23.383401270164985, 25.082503043770657, 26.067582726322463, 27.165111268921404, 27.73809954440291, 27.955450062699914, 29.771972925700066, 29.805529346591225, 30.045106067535205, 31.79385797391134, 31.797184564689957, 31.97842424089943, 32.536147436185395, 35.16756580585001, 37.64262437952713, 38.826894008349676, 39.38500130596733, 40.129099651928165, 40.367669640711945, 41.07873841717532, 42.49611589275444, 43.65891268121416, 44.58339939077502, 44.62959910360312, 44.94480814440599, 45.04017032798551, 45.089551399246275, 45.24058274997929, 45.637902693384746, 45.948503509456714, 47.08884180679495, 48.558432436147584, 49.01275126289842, 49.14806811415709, 50.73643326430006, 50.830134824268235, 50.981006464459064, 51.11952234665371, 51.40792982921203, 52.74528172342151, 52.952290207259296, 53.13177159947203, 53.63608873211547, 53.87861449019249, 53.97396487969248, 54.66400255948849, 55.21814633259846, 55.440888721895625, 55.925088324939956, 56.09961951065465, 57.92629747998467, 58.31678142948716, 58.34765477775401, 58.54295153375335, 58.723412455615495, 58.85722553153785, 58.90256001662266, 59.25090698706239, 59.696635183918154, 59.778214513206294, 61.55394447852913, 62.89224705036926, 64.75319547572917, 64.83793117700428, 64.94763664460038, 65.69893699453661, 66.00771834681034, 66.27486904123576, 67.48894401596546, 67.76214324590809, 69.09105978440284, 71.17817066034792, 72.54636935408158, 73.21220519191036, 73.34334402543682, 73.45533787306925, 73.84331955371677, 74.16682689639477, 75.51076372644252, 76.44831778336538, 76.58443241270209, 76.93420833057696, 78.58525936332674, 78.99285777549679, 80.34254805098428, 80.56005036280662, 80.7021939841293, 80.83514523392638, 80.98199370695465, 82.07926757380174, 82.25023134905634, 83.05536295348142, 84.11060347548396, 84.896623957474, 85.21331148092474, 85.86496270230734, 86.23292830295625, 88.52734512958625, 88.58987798442645, 89.69307166959389, 89.80121158761706, 92.71304495979206, 93.10608735823114, 93.78017212861373, 93.87221563474576, 93.89596216412383, 94.10851165008205, 94.37396360222564, 94.63870690949048, 94.94842327958801, 95.20542924161187, 95.2709205177433, 96.27881905352243, 96.73525702187932, 98.061370779396, 98.36200624386731, 98.71019675584316, 98.88833319228763, 98.97884876391386], "marks": [0, 0, 0, 2, 0, 0, 2, 0, 0, 2, 2, 2, 2, 0, 2, 0, 2, 0, 0, 0, 0, 2, 2, 0, 0, 2, 2, 0, 0, 0, 2, 2, 0, 0, 0, 0, 0, 0, 0, 0, 0, 0, 0, 0, 0, 0, 0, 0, 2, 2, 0, 0, 0, 0, 0, 0, 0, 0, 0, 0, 0, 2, 2, 2, 0, 0, 2, 0, 0, 0, 2, 0, 0, 0, 0, 0, 2, 0, 2, 2, 0, 0, 2, 0, 0, 2, 2, 0, 2, 0, 2, 0, 2, 0, 2, 0, 0, 2, 2, 0, 0, 2, 2, 0, 0, 0, 0, 2, 2, 0, 0, 0, 0, 2, 0, 0, 0, 0, 2, 2, 0, 0, 0, 2, 2, 2, 0, 2, 2, 0, 2, 0, 0, 0, 0, 2, 0, 0, 0, 2, 2, 2, 2, 0, 0, 2, 0, 0, 0, 0]}
