{"user": "hpp_03_015_00", "T": 100, "times": [3.5842945542614055, 6.138132668153772, 6.517586930814693, 7.20263790611514, 8.843829121970002, 9.648990207642377, 14.528489821603731, 17.035423450952354, 19.10660657900207, 19.249890512213067, 20.630019038810506, 21.36212859982504, 23.053744575035694, 23.076536175818745, 24.87721340635338, 24.90217818325256, 26.240167679812675, 26.283625315260654, 28.123315327407003, 28.28499452706108, 31.724373730739785, 35.007675606030645, 35.60340093525781, 36.169739458027095, 36.466259946724996, 38.62697355537716, 39.26677549463177, 43.77749937616491, 45.800828020460955, 48.205998666109814, 51.48076534288168, 51.64851959939498, 54.948813030146034, 56.64158118273157, 57.57823576414881, 57.74094823666872, 58.1289446683045, 59.8657848589096, 59.91056334293284, 61.45723080657777, 62.68225089186056, 62.78025519763822, 63.627643853550595, 63.66319133588277, 63.84600238337505, 64.2972686494857, 66.70874842481457, 68.40364960379013, 71.09169654325127, 75.38434990578446, 75.42306920084877, 79.6604182349349, 80.61244445231978, 82.4361656339848, 84.15135245278297, 86.90045873636872, 88.88733643367851, 91.86779056323977, 95.94150568861214, 96.11311464302341], "marks": [0, 0, 1, 0, 1, 0, 0, 0, 1, 0, 1, 0, 0, 1, 1, 0, 1, 1, 0, 0, 1, 0, 0, 1, 1, 1, 1, 0, 0, 0, 0, 1, 0, 0, 0, 0, 1, 0, 0, 1, 0, 0, 1, 0, 1, 0, 0, 1, 0, 0, 0, 1, 0, 0, 0, 1, 0, 1, 0, 0]}
