{"user": "hpp_00_00_044999999999999996", "T": 100, "times": [2.6072533169769323, 2.7547300710804272, 3.4714248912061976, 5.38234758714764, 6.9022091715145235, 9.676509702662578, 10.827926039408144, 12.248757747102305, 13.199594888473056, 21.63473282835546, 21.72176020949611, 21.876549620140096, 28.714023332251436, 29.29558788830523, 29.838874400956808, 29.986338304489045, 35.37375718821217, 38.40875924301405, 40.041676788428525, 44.01690233668306, 44.35983518636349, 44.98789483679171, 45.472520598610636, 46.712629977763854, 47.94324530202339, 49.010248573324205, 51.17766446762402, 54.77593438249416, 55.54031261490306, 60.65399567863301, 60.88422622231749, 66.71354587354834, 68.29368259995947, 70.79306220111305, 72.73142564253227, 75.51694425538938, 76.03780214061352, 76.17604143319838, 76.46012708393103, 87.03389729050457, 87.10358975309258, 88.36203023887334, 88.82613185671502, 90.81064097549016, 97.12340315039502], "marks": [2, 2, 2, 2, 2, 2, 2, 2, 2, 2, 2, 2, 2, 2, 2, 2, 2, 2, 2, 2, 2, 2, 2, 2, 2, 2, 2, 2, 2, 2, 2, 2, 2, 2, 2, 2, 2, 2, 2, 2, 2, 2, 2, 2, 2]}
